User ID;Vehicle Model;Battery Capacity (kWh);Charging Station ID;Charging Start Time;Charging End Time;Energy Consumed (kWh);Charging Duration (hours);Charging Rate (kW);Charging Cost (EUR);Time of Day;Day of Week;State of Charge (Start %);State of Charge (End %);Distance Driven (since last charge) (km);Temperature (C);Vehicle Age (years)
User_9;BMW i3;75;PT-EVS03209;01/01/24 00:00;01/01/24 00:39;60,71234573;0,591363425;36,38918057;13,08771679;Evening;Tuesday;29,37157598;86,11996244;293,6021106;27,94795306;2
User_15;Hyundai Kona;85;PT-EVS27822;01/01/24 01:00;01/01/24 03:01;12,3392752;3,133652053;30,67773494;21,12844793;Morning;Monday;10,11577764;84,66434363;112,1128037;14,31102566;3
User_7;Hyundai Kona;85;PT-EVS23530;01/01/24 03:00;01/01/24 06:42;79,45782399;1,266430805;32,88286976;13,03623883;Evening;Saturday;83,12000296;99,62432763;199,5777845;38,31631316;1
User_7;Hyundai Kona;85;PT-EVS15777;01/01/24 04:00;01/01/24 05:46;19,62910417;2,019765087;10,21571207;10,16147117;Morning;Saturday;54,25894969;63,74378604;203,6618466;-7,834199027;1
User_3;Nissan Leaf;50;PT-EVS15566;01/01/24 05:00;01/01/24 07:10;43,18113714;1,167640154;14,33452278;36,90034078;Evening;Saturday;75,21774834;71,98228757;143,6800461;-5,274217797;0
User_16;BMW i3;75;PT-EVS30865;01/01/24 10:00;01/01/24 13:59;18,20619748;2,648635448;10,31070111;38,2212307;Night;Thursday;76,08656557;82,26558163;64,63464375;0,500433564;3
User_2;Hyundai Kona;85;PT-EVS03090;01/01/24 12:00;01/01/24 13:00;34,25645291;3,065584752;5,523688619;10,972136;Afternoon;Monday;19,20544695;51,62648273;249,1275965;23,66296536;0
User_17;BMW i3;75;PT-EVS25069;01/01/24 14:00;01/01/24 17:32;12,92754529;3,421809338;24,21115012;18,55281568;Afternoon;Monday;71,68354384;63,70663794;155,3606054;39,50544569;4
User_4;Tesla Model 3;82;PT-EVS07243;01/01/24 18:00;01/01/24 21:03;42,63801819;0,807532158;20,49084605;25,07879371;Evening;Saturday;55,51705087;52,71348869;280,862071;37,43035653;0
User_16;BMW i3;75;PT-EVS03386;01/01/24 19:00;01/01/24 20:22;48,48248431;2,580925354;45,29143535;7,090844201;Morning;Wednesday;12,75487757;116,0956569;243,2557695;9,202409892;3
User_14;Nissan Leaf;50;PT-EVS18926;01/01/24 20:00;01/01/24 22:54;50,27906667;3,168872892;30,48996023;28,87289461;Night;Tuesday;16,54551237;77,93632714;15,4204446;33,9803101;3
User_20;Tesla Model 3;82;PT-EVS35071;02/01/24 00:00;02/01/24 01:55;27,60438468;0,95713766;11,23853863;24,03753469;Morning;Wednesday;65,48688658;65,35209627;173,4715265;35,97782192;4
User_3;Nissan Leaf;50;PT-EVS26449;02/01/24 03:00;02/01/24 06:13;10,33851772;1,547713718;45,77673119;9,855826893;Night;Sunday;98,33279531;94,50485177;162,6865444;5,504758728;0
User_16;BMW i3;75;PT-EVS27361;02/01/24 04:00;02/01/24 04:35;31,68448459;2,439677938;48,64872319;25,617104;Afternoon;Friday;34,7276391;54,40205039;;20,37856231;3
User_1;BMW i3;75;PT-EVS25792;02/01/24 05:00;02/01/24 07:58;56,59325686;3,153257255;45,811731;33,13209178;Afternoon;Friday;29,2076717;85,00810624;186,1557321;12,33341537;0
User_8;BMW i3;75;PT-EVS28257;02/01/24 08:00;02/01/24 09:58;16,13623873;1,306927272;21,51781505;26,43819424;Evening;Monday;23,60399143;88,2000728;35,50388319;39,38401392;1
User_5;Tesla Model 3;82;PT-EVS18449;02/01/24 09:00;02/01/24 12:03;60,06708509;0,999100188;7,651570047;18,03439004;Afternoon;Monday;22,88146663;51,43427868;46,35755886;13,99159748;1
User_18;Hyundai Kona;85;PT-EVS04606;02/01/24 11:00;02/01/24 14:16;37,37451606;2,891676984;18,86580196;29,86624993;Evening;Tuesday;24,49220858;73,38017573;76,20353922;59,93197387;4
User_11;Nissan Leaf;50;PT-EVS30187;02/01/24 15:00;02/01/24 16:50;68,17785004;3,242446058;23,31161908;8,498571937;Morning;Thursday;17,04042002;56,07865101;130,3760138;-3,191455366;2
User_17;BMW i3;75;PT-EVS16191;02/01/24 18:00;02/01/24 20:53;12,04931971;1,373881358;29,46894436;32,0420986;Night;Saturday;36,63685216;66,97610432;83,24522143;39,41613092;4
User_6;Nissan Leaf;50;PT-EVS17987;02/01/24 19:00;02/01/24 19:45;77,05360638;3,030202685;8,388039538;6,364629694;Afternoon;Friday;15,14412247;84,34232687;144,0139812;22,0694708;1
User_5;Tesla Model 3;82;PT-EVS13330;02/01/24 21:00;02/01/24 22:53;46,80719594;3,877992453;16,91833198;10,60887579;Evening;Saturday;49,29876551;90,97067523;210,1710972;-0,039079031;1
User_2;Hyundai Kona;85;PT-EVS06563;02/01/24 23:00;02/01/24 23:37;30,71093403;1,633668608;6,352661445;18,13183171;Morning;Wednesday;76,12005336;76,68243091;18,93451549;27,89517678;0
User_16;BMW i3;75;PT-EVS33315;03/01/24 03:00;03/01/24 05:06;58,73397362;1,889261518;13,1757273;28,10231006;Morning;Saturday;83,86192691;71,37448251;57,38072425;1,941105156;3
User_1;BMW i3;75;PT-EVS28096;03/01/24 04:00;03/01/24 05:35;65,98624913;3,313802358;46,27844331;18,84961041;Morning;Wednesday;17,38966714;73,43803962;234,9966616;-7,719425911;0
User_4;Tesla Model 3;82;PT-EVS23146;03/01/24 07:00;03/01/24 09:33;50,26893407;1,67835842;36,30337235;38,94193996;Evening;Saturday;13,48827069;82,69521186;133,9920936;3,042829341;0
User_9;BMW i3;75;PT-EVS14466;03/01/24 08:00;03/01/24 11:51;76,45046499;3,873449981;11,33906316;30,19223444;Evening;Wednesday;63,67446344;55,38977608;191,937915;10,42464503;2
User_14;Nissan Leaf;50;PT-EVS29576;03/01/24 09:00;03/01/24 12:59;77,86372676;0,917902247;47,1540098;28,30319112;Afternoon;Saturday;56,91742176;57,46568225;129,3894111;38,46677945;3
User_7;Hyundai Kona;85;PT-EVS19607;03/01/24 14:00;03/01/24 16:50;46,195137;0,650507579;47,87752356;30,86418086;Afternoon;Sunday;53,00518533;59,90164627;25,02725726;6,171256709;1
User_3;Nissan Leaf;50;PT-EVS15940;03/01/24 15:00;03/01/24 16:02;29,34565986;2,482090675;6,871184621;24,64975873;Night;Saturday;85,33141902;67,47790563;127,0218011;34,06193919;0
User_11;Nissan Leaf;50;PT-EVS16193;03/01/24 18:00;03/01/24 21:04;37,06292778;1,609099433;15,23006259;37,87533458;Morning;Wednesday;7,520444727;67,79787265;98,14598102;16,48370594;2
User_7;Hyundai Kona;85;PT-EVS08169;03/01/24 23:00;04/01/24 00:36;61,13047583;0,947277209;23,28180496;37,14898173;Evening;Saturday;34,89904375;92,35566117;58,85531552;7,662649709;1
User_15;Hyundai Kona;85;PT-EVS03313;04/01/24 00:00;04/01/24 02:24;22,88203842;1,569470714;29,9892225;10,70958202;Evening;Thursday;15,67448547;96,59770242;98,47402709;19,21316449;3
User_11;Nissan Leaf;50;PT-EVS19936;04/01/24 01:00;04/01/24 02:32;12,89488719;0,581504778;40,8840989;15,19733417;Night;Friday;31,5491822;97,46254098;183,1712811;28,63760432;2
User_18;Hyundai Kona;85;PT-EVS31917;04/01/24 02:00;04/01/24 04:22;69,16916706;2,285242161;5,557358509;20,76646441;Afternoon;Wednesday;41,08904487;74,39951853;276,5748192;20,01432447;4
User_4;Tesla Model 3;82;PT-EVS02295;04/01/24 04:00;04/01/24 05:17;49,2788374;3,865136107;49,41151926;39,93168076;Morning;Tuesday;86,32698824;75,50151044;246,3443697;30,08205881;0
User_16;BMW i3;75;PT-EVS30853;04/01/24 05:00;04/01/24 08:40;31,21888968;3,340997592;30,02591267;17,60489531;Afternoon;Monday;39,51761676;71,27176464;242,4855629;39,83142977;3
User_8;BMW i3;75;PT-EVS29751;04/01/24 06:00;04/01/24 09:55;30,65169982;1,028818667;28,52235334;39,32205438;Evening;Friday;38,12132999;81,19721084;12,14951668;-4,932743443;1
User_1;BMW i3;75;PT-EVS09949;04/01/24 07:00;04/01/24 07:41;59,98647673;3,7293654;23,41792115;15,68301656;Afternoon;Wednesday;88,09676846;96,13056859;281,7637403;15,06062245;0
User_7;Hyundai Kona;85;PT-EVS22707;04/01/24 11:00;04/01/24 13:54;32,83295683;3,408638345;44,49236614;39,67482338;Night;Wednesday;26,65472205;63,71062692;279,898272;5,803389498;1
User_5;Tesla Model 3;82;PT-EVS05940;04/01/24 12:00;04/01/24 13:09;57,92445004;1,261117293;12,53816191;19,81732291;Morning;Friday;49,87203405;54,26143302;64,13545484;1,825449687;1
User_13;Tesla Model 3;82;PT-EVS27251;04/01/24 13:00;04/01/24 16:26;21,65616412;1,894426888;32,95451082;18,02550999;Afternoon;Wednesday;78,43462826;97,72544036;170,5577254;10,40151143;3
User_12;Tesla Model 3;82;PT-EVS25182;04/01/24 15:00;04/01/24 16:26;79,81869447;2,606479629;13,00973223;35,97131697;Afternoon;Friday;86,1117565;69,39563152;274,0206539;10,69221009;2
User_8;BMW i3;75;PT-EVS12745;04/01/24 16:00;04/01/24 17:56;33,07294951;1,469659587;30,34474845;15,55083823;Evening;Wednesday;105,032224;83,02347312;164,6828924;-6,514431827;1
User_20;Tesla Model 3;82;PT-EVS02442;04/01/24 19:00;04/01/24 22:52;68,57302471;2,930390646;5,454692702;15,88941448;Evening;Saturday;50,31669101;93,89345035;191,4559945;37,89979105;4
User_2;Hyundai Kona;85;PT-EVS34894;05/01/24 00:00;05/01/24 02:16;55,72920335;3,82901181;21,72306732;38,09371751;Morning;Tuesday;63,40496814;68,34785564;74,05219273;34,66345577;0
User_4;Tesla Model 3;82;PT-EVS16022;05/01/24 05:00;05/01/24 06:12;74,15366016;4,123064396;31,27742949;26,0001564;Morning;Wednesday;12,95698802;52,9899671;91,38484095;35,79315362;0
User_17;BMW i3;75;PT-EVS32106;05/01/24 06:00;05/01/24 08:28;46,77551047;3,118508442;32,08005239;18,58840411;Morning;Wednesday;77,52375723;56,73141037;246,2228513;27,26694562;4
User_6;Nissan Leaf;50;PT-EVS24370;05/01/24 07:00;05/01/24 07:52;8,469643801;1,956178168;16,0193428;31,23839757;Night;Thursday;84,39953459;73,56686202;297,5524475;22,1717677;1
User_7;Hyundai Kona;85;PT-EVS27981;05/01/24 16:00;05/01/24 18:14;36,137269;2,449346455;36,37707579;7,87091787;Night;Sunday;48,61219347;95,83119936;48,11698069;32,30733829;1
User_15;Hyundai Kona;85;PT-EVS27317;05/01/24 19:00;05/01/24 21:34;26,86910961;2,463684938;12,05183663;17,54159529;Morning;Monday;28,17984729;54,56240134;289,5682377;7,791379352;3
User_15;Hyundai Kona;85;PT-EVS06997;06/01/24 02:00;06/01/24 05:47;24,84871287;3,318368304;32,23574668;19,91298423;Morning;Wednesday;60,66782802;53,92638458;260,7073136;11,20346484;3
User_12;Tesla Model 3;82;PT-EVS13082;06/01/24 04:00;06/01/24 07:42;64,41904929;3,190013103;24,62165118;28,99874331;Evening;Friday;49,17384524;62,34186035;230,4942718;25,3204757;2
User_8;BMW i3;75;PT-EVS16778;06/01/24 05:00;06/01/24 06:29;6,189015903;1,291854712;19,71535049;20,86311304;Afternoon;Friday;34,60022196;101,6760987;275,7419042;5,72735649;1
User_7;Hyundai Kona;85;PT-EVS17895;06/01/24 06:00;06/01/24 07:15;37,78790372;3,623898269;35,99593704;29,1176017;Afternoon;Monday;88,03875947;61,07474262;66,00213032;-0,325339469;1
User_10;Hyundai Kona;85;PT-EVS01575;06/01/24 08:00;06/01/24 11:35;15,66056402;3,140650163;7,702187849;32,13666293;Afternoon;Wednesday;30,88322666;51,48089291;202,1415518;29,53906344;2
User_18;Hyundai Kona;85;PT-EVS19648;06/01/24 09:00;06/01/24 12:53;35,55367093;3,536754115;45,8556972;23,36793048;Night;Tuesday;85,49045253;74,66057198;275,5742741;26,1334068;4
User_6;Nissan Leaf;50;PT-EVS05547;06/01/24 17:00;06/01/24 18:05;30,0651389;1,267429956;35,87112113;35,03863445;Night;Friday;13,94832346;93,59847436;122,7647597;33,0181713;1
User_19;Nissan Leaf;50;PT-EVS26723;06/01/24 18:00;06/01/24 19:21;74,10645012;2,965419405;32,29091083;25,66318432;Evening;Tuesday;33,43975255;86,90439984;179,5885267;14,12322246;4
User_7;Hyundai Kona;85;PT-EVS24554;06/01/24 19:00;06/01/24 20:00;66,15159679;3,062344294;50,17058595;36,29871225;Evening;Monday;75,48580234;56,12136493;46,81290396;32,29274612;1
User_20;Tesla Model 3;82;PT-EVS33163;06/01/24 20:00;06/01/24 21:02;47,37743937;1,299527036;48,16033463;28,11485499;Morning;Monday;23,63676232;68,05817011;;8,511630397;4
User_1;BMW i3;75;PT-EVS26772;07/01/24 00:00;07/01/24 01:27;68,03002486;1,516972291;16,3955168;18,9698758;Morning;Tuesday;50,70024741;60,74599062;148,0864323;34,79282129;0
User_20;Tesla Model 3;82;PT-EVS13180;07/01/24 06:00;07/01/24 07:24;34,96988837;2,496602704;19,6515445;16,52800214;Night;Monday;36,73261807;69,4076144;249,0598376;9,598491187;4
User_13;Tesla Model 3;82;PT-EVS34780;07/01/24 08:00;07/01/24 11:37;76,59801205;3,320835389;31,59720483;19,34114104;Morning;Friday;69,31359127;92,69136039;290,988477;31,24889263;3
User_4;Tesla Model 3;82;PT-EVS14769;07/01/24 09:00;07/01/24 11:39;20,25597516;1,351703592;3,023485282;31,88608393;Evening;Friday;79,64988507;88,23701957;32,00803709;36,54506398;0
User_15;Hyundai Kona;85;PT-EVS11713;07/01/24 13:00;07/01/24 16:08;23,57128154;0,841961239;49,78371903;21,99640805;Night;Friday;51,07152573;79,00243297;267,3473926;-3,089617682;3
User_7;Hyundai Kona;85;PT-EVS32552;07/01/24 18:00;07/01/24 21:52;45,57396766;3,265855666;11,089827;34,02915242;Evening;Monday;45,7060602;87,23241205;217,5899277;-9,090468359;1
User_5;Tesla Model 3;82;PT-EVS13317;07/01/24 19:00;07/01/24 19:44;69,10554639;3,27519366;22,98621554;9,357435457;Afternoon;Monday;58,58472328;62,96258204;101,3750717;1,496665178;1
User_20;Tesla Model 3;82;PT-EVS02745;08/01/24 00:00;08/01/24 03:15;22,74259439;1,030563728;29,63598065;8,229053615;Evening;Thursday;76,22513955;85,77858051;280,9779275;-2,910447929;4
User_5;Tesla Model 3;82;PT-EVS16880;08/01/24 02:00;08/01/24 03:26;127,7574744;0,984549221;9,2864977;20,34244787;Night;Monday;27,64544589;90,29992273;103,9578251;18,40533315;1
User_9;BMW i3;75;PT-EVS28603;08/01/24 05:00;08/01/24 07:52;47,82436785;2,046874381;6,082778487;35,98941825;Night;Tuesday;61,57804691;97,96189523;90,11434022;7,166868101;2
User_11;Nissan Leaf;50;PT-EVS06811;08/01/24 07:00;08/01/24 08:51;6,08863209;3,284946614;4,868312092;9,194135635;Night;Saturday;14,45331142;61,79033242;54,81602107;6,170556621;2
User_4;Tesla Model 3;82;PT-EVS16642;08/01/24 09:00;08/01/24 11:14;78,83314652;2,921583662;8,424644632;23,30472969;Afternoon;Wednesday;12,48227539;78,60859386;118,6950831;4,760809785;0
User_10;Hyundai Kona;85;PT-EVS04671;08/01/24 10:00;08/01/24 11:57;63,2365161;0,835845142;5,255799991;39,69535324;Afternoon;Wednesday;31,10919008;50,16354627;132,9596225;30,79081504;2
User_10;Hyundai Kona;85;PT-EVS24677;08/01/24 18:00;08/01/24 20:03;72,23781882;3,498285555;14,43590506;24,3268478;Afternoon;Sunday;83,20627215;83,20544452;131,286165;3,860209283;2
User_12;Tesla Model 3;82;PT-EVS17101;08/01/24 19:00;08/01/24 20:11;36,15792622;3,101827077;46,32809897;37,20641911;Evening;Monday;12,6663036;86,88327764;87,12429821;28,73003732;2
User_5;Tesla Model 3;82;PT-EVS11870;08/01/24 20:00;08/01/24 22:42;63,62653233;2,040022115;9,986771923;35,02872012;Afternoon;Sunday;41,00608003;71,25331651;;5,098606887;1
User_3;Nissan Leaf;50;PT-EVS08157;08/01/24 22:00;08/01/24 23:34;65,83154347;3,705617222;7,253633663;7,453842745;Morning;Monday;82,15451673;58,35734375;65,28637656;-7,430016353;0
User_14;Nissan Leaf;50;PT-EVS20293;09/01/24 01:00;09/01/24 01:30;38,50773759;0,976477541;15,80992156;38,18852997;Morning;Wednesday;37,91329561;57,53677417;252,9734296;21,38432172;3
User_13;Tesla Model 3;82;PT-EVS24078;09/01/24 05:00;09/01/24 07:58;12,12801805;0,980251842;32,09970636;31,07189392;Morning;Friday;47,72203884;62,35988113;212,5522239;-1,206170461;3
User_8;BMW i3;75;PT-EVS33802;09/01/24 07:00;09/01/24 08:37;13,48519533;2,665368482;29,87310551;27,32232283;Night;Monday;82,88645336;52,6525883;;-5,680662911;1
User_19;Nissan Leaf;50;PT-EVS15715;09/01/24 08:00;09/01/24 10:36;80,72941928;2,877191094;36,78209781;12,94572889;Night;Saturday;70,51514965;92,97486255;211,6338745;4,741180801;4
User_12;Tesla Model 3;82;PT-EVS05777;09/01/24 10:00;09/01/24 10:51;72,8285851;0,599135251;47,52616642;36,35757443;Evening;Tuesday;81,71875949;65,9878561;186,723707;-8,817659946;2
User_4;Tesla Model 3;82;PT-EVS29933;09/01/24 11:00;09/01/24 13:57;64,23213303;2,822449218;29,92814716;5,935357649;Afternoon;Sunday;69,29221386;64,3411288;268,9329205;3,945102536;0
User_8;BMW i3;75;PT-EVS22639;09/01/24 17:00;09/01/24 17:53;6,961875674;2,42277593;22,67276738;26,22370445;Night;Monday;16,34081342;78,75846709;86,56483571;29,56154848;1
User_9;BMW i3;75;PT-EVS25173;09/01/24 19:00;09/01/24 20:05;1,754520234;0,797394431;8,430755655;22,72439575;Evening;Wednesday;27,11810685;78,96915419;65,8893946;25,9360821;2
User_11;Nissan Leaf;50;PT-EVS03496;09/01/24 21:00;10/01/24 00:52;6,37787409;0,90351941;33,84247375;27,80226589;Morning;Saturday;46,181021;99,0149166;169,1119788;-2,960534093;2
User_13;Tesla Model 3;82;PT-EVS11229;10/01/24 02:00;10/01/24 05:54;50,6437366;2,22914255;29,63368144;38,24799124;Afternoon;Sunday;31,57069886;70,64832964;195,0011484;6,434361447;3
User_20;Tesla Model 3;82;PT-EVS27602;10/01/24 03:00;10/01/24 06:57;52,05474165;2,935609252;5,231316129;24,99614525;Morning;Wednesday;74,86887756;64,36996367;153,9736062;4,820141443;4
User_1;BMW i3;75;PT-EVS29918;10/01/24 07:00;10/01/24 10:31;11,92593792;2,749029705;49,42273698;25,98584818;Afternoon;Wednesday;29,33302483;88,43239178;192,1750239;-3,357374398;0
User_19;Nissan Leaf;50;PT-EVS15645;10/01/24 10:00;10/01/24 11:49;65,24475505;0,878651682;46,9698183;24,75285105;Evening;Saturday;27,08090945;55,74761112;95,65656154;20,42707195;4
User_3;Nissan Leaf;50;PT-EVS28929;10/01/24 14:00;10/01/24 17:28;66,62370004;1,229144212;45,50567504;22,33792167;Night;Wednesday;62,39013911;79,43489768;286,0720989;-0,976247385;0
User_4;Tesla Model 3;82;PT-EVS30257;10/01/24 15:00;10/01/24 18:12;33,36550879;0,611262023;10,19694665;35,95601164;Morning;Thursday;26,84932308;99,63756366;244,0527884;26,87389733;0
User_1;BMW i3;75;PT-EVS13929;10/01/24 16:00;10/01/24 17:12;68,82528251;2,465336096;16,93561005;33,86154813;Afternoon;Monday;70,75160734;55,33183817;139,0348047;-1,966119085;0
User_14;Nissan Leaf;50;PT-EVS32284;10/01/24 19:00;10/01/24 20:50;12,66982107;2,816823553;18,71829649;32,178618;Morning;Friday;35,91735463;67,07789382;296,1316624;29,4030223;3
User_4;Tesla Model 3;82;PT-EVS10365;10/01/24 20:00;10/01/24 23:35;25,35411412;0,61331382;16,88057219;19,33324015;Night;Tuesday;72,40240861;67,43337051;73,38219447;2,976166149;0
User_5;Tesla Model 3;82;PT-EVS08612;11/01/24 01:00;11/01/24 01:58;37,50977748;3,518061326;6,34178129;23,23026883;Evening;Sunday;31,20433856;76,03450438;203,728966;30,12882994;1
User_9;BMW i3;75;PT-EVS24534;11/01/24 08:00;11/01/24 11:24;60,41010375;1,708970701;48,78868466;17,89853157;Evening;Thursday;77,00681785;82,53096522;99,54258331;12,87049397;2
User_16;BMW i3;75;PT-EVS22890;11/01/24 11:00;11/01/24 14:09;22,27571241;2,312877329;18,2090343;24,41374839;Morning;Wednesday;83,64021009;59,25917191;114,5406814;21,74994096;3
User_13;Tesla Model 3;82;PT-EVS05024;11/01/24 14:00;11/01/24 17:09;65,55092159;3,575625486;12,16339721;24,20928706;Night;Sunday;47,91062987;97,30684589;153,2209691;28,69465695;3
User_19;Nissan Leaf;50;PT-EVS29935;11/01/24 19:00;11/01/24 21:31;60,52272949;3,078528493;14,16343772;22,67035545;Evening;Saturday;25,51167315;64,21387738;219,1154065;-8,823314271;4
User_15;Hyundai Kona;85;PT-EVS07187;11/01/24 22:00;11/01/24 23:50;13,08899484;3,239292539;36,47580821;36,61236772;Afternoon;Saturday;16,78109282;91,51478248;233,5717409;-1,396398323;3
User_9;BMW i3;75;PT-EVS28934;12/01/24 02:00;12/01/24 03:21;56,82135247;0,865213147;21,26970474;15,83281356;Afternoon;Tuesday;17,45124072;53,85017463;263,744879;39,80240625;2
User_17;BMW i3;75;PT-EVS00265;12/01/24 05:00;12/01/24 05:51;63,59427153;3,333555448;28,59630646;5,086397605;Night;Monday;18,28423537;63,02512257;149,9569495;2,790844167;4
User_20;Tesla Model 3;82;PT-EVS28645;12/01/24 07:00;12/01/24 09:19;12,9198797;3,380834531;9,137049424;11,49651417;Night;Saturday;48,08341176;71,15874257;188,6018805;-2,411919304;4
User_15;Hyundai Kona;85;PT-EVS28288;12/01/24 12:00;12/01/24 13:22;79,00225971;3,893154871;26,97742286;11,28750438;Night;Friday;22,53375157;93,2978301;39,74600723;7,684356808;3
User_5;Tesla Model 3;82;PT-EVS28052;12/01/24 18:00;12/01/24 20:46;20,35354607;2,424679355;11,16193529;26,16541419;Afternoon;Thursday;109,2657943;82,33383445;116,1840821;2,770322017;1
User_2;Hyundai Kona;85;PT-EVS23900;12/01/24 21:00;12/01/24 23:55;61,83012084;1,399519752;49,15968568;8,021784138;Evening;Saturday;36,84689682;92,67951285;80,99732071;-2,341554226;0
User_9;BMW i3;75;PT-EVS16952;13/01/24 01:00;13/01/24 04:16;70,62045542;0,637026905;18,33554746;14,73821179;Morning;Saturday;25,72347164;99,5858146;188,4637916;-4,842996855;2
User_5;Tesla Model 3;82;PT-EVS25349;13/01/24 04:00;13/01/24 05:17;78,3990561;0,531884804;29,75315871;34,30110996;Night;Sunday;49,66021029;83,24626253;119,7886479;-9,296045391;1
User_16;BMW i3;75;PT-EVS09962;13/01/24 06:00;13/01/24 06:36;30,63992013;1,629338481;46,84858797;36,95621233;Evening;Saturday;62,17903555;53,74244252;151,5112089;21,08032988;3
User_18;Hyundai Kona;85;PT-EVS28065;13/01/24 07:00;13/01/24 10:57;78,15878931;1,548133495;7,34702904;15,06417173;Evening;Thursday;78,17878531;80,78249491;114,7663152;20,83100013;4
User_13;Tesla Model 3;82;PT-EVS19974;13/01/24 11:00;13/01/24 13:24;5,699519954;1,086676898;40,48262896;16,58424488;Afternoon;Monday;54,54475537;81,03013388;221,5835529;32,63449015;3
User_2;Hyundai Kona;85;PT-EVS16497;13/01/24 12:00;13/01/24 13:06;54,52901287;0,643104841;41,49423802;9,767814596;Morning;Monday;73,36171145;73,14283891;250,3699282;31,24733539;0
User_12;Tesla Model 3;82;PT-EVS18176;13/01/24 18:00;13/01/24 19:41;20,76318764;2,686564982;23,99284957;30,69199865;Morning;Thursday;27,4004267;55,2340052;155,2169256;8,316822121;2
User_10;Hyundai Kona;85;PT-EVS20445;13/01/24 21:00;14/01/24 00:10;66,17491556;1,590891399;4,096052506;37,05502096;Night;Wednesday;57,51855751;59,21834421;19,84255062;12,62900175;2
User_11;Nissan Leaf;50;PT-EVS01340;14/01/24 00:00;14/01/24 00:49;50,65984701;0,560030882;41,88423158;34,0238372;Night;Friday;79,25660844;76,33856417;206,6680314;14,06007874;2
User_6;Nissan Leaf;50;PT-EVS05026;14/01/24 02:00;14/01/24 03:51;64,76361326;0,543359127;31,454058;9,001401096;Evening;Wednesday;68,68211128;63,14004386;213,7308148;-5,431969444;1
User_14;Nissan Leaf;50;PT-EVS08825;14/01/24 08:00;14/01/24 10:41;23,01969384;2,90970727;23,68003983;20,86109101;Night;Thursday;78,10179095;68,35401868;89,4204787;12,01626991;3
User_15;Hyundai Kona;85;PT-EVS04118;14/01/24 15:00;14/01/24 18:25;58,37615445;1,877522371;4,669667037;33,85680932;Afternoon;Friday;15,3591674;56,58027747;96,86304816;16,97201679;3
User_19;Nissan Leaf;50;PT-EVS15803;14/01/24 17:00;14/01/24 18:27;13,32461104;1,382019849;24,74284751;12,38823651;Afternoon;Saturday;52,78624626;92,86857199;283,9904924;35,70486386;4
User_14;Nissan Leaf;50;PT-EVS24028;14/01/24 19:00;14/01/24 19:57;26,34468459;1,97206701;19,95151332;17,65021853;Morning;Sunday;11,85553123;57,08540548;216,4715539;-2,05877596;3
User_12;Tesla Model 3;82;PT-EVS23525;14/01/24 20:00;14/01/24 21:04;50,59695131;3,473172824;9,860027648;27,98654385;Night;Monday;29,94222931;73,75879865;211,6346842;33,23430132;2
User_20;Tesla Model 3;82;PT-EVS16935;15/01/24 00:00;15/01/24 01:11;77,17272374;1,409128276;17,57302562;11,76049861;Afternoon;Friday;19,94692588;95,09672125;;3,498381006;4
User_17;BMW i3;75;PT-EVS30738;15/01/24 01:00;15/01/24 02:54;62,19283346;0,555210364;20,45251231;19,47699463;Morning;Saturday;24,3852456;88,82972948;277,7232645;14,27625134;4
User_5;Tesla Model 3;82;PT-EVS20319;15/01/24 04:00;15/01/24 06:20;5,775919735;1,836456796;33,74537927;24,98569128;Afternoon;Sunday;25,11801611;59,04654074;96,33217778;37,10118843;1
User_9;BMW i3;75;PT-EVS02847;15/01/24 05:00;15/01/24 05:44;53,81020176;0,513006351;22,3444403;15,79131976;Morning;Monday;52,44295176;82,42209465;116,7309835;-0,032872473;2
User_1;BMW i3;75;PT-EVS27500;15/01/24 07:00;15/01/24 08:38;56,6933015;2,391852379;44,99522224;32,99002236;Morning;Friday;46,58776208;76,38049503;140,3114417;25,12730865;0
User_11;Nissan Leaf;50;PT-EVS20656;15/01/24 08:00;15/01/24 10:14;40,16142185;2,517973872;28,47996213;13,37000579;Evening;Wednesday;35,04453498;94,56359194;93,9952317;13,35438717;2
User_19;Nissan Leaf;50;PT-EVS22817;15/01/24 09:00;15/01/24 11:59;42,51736092;0,929764657;39,91263736;7,234439777;Morning;Saturday;88,94643474;63,74334492;191,0776829;10,33319646;4
User_2;Hyundai Kona;85;PT-EVS20324;15/01/24 13:00;15/01/24 14:25;76,71844669;3,774909321;44,13745109;35,85250778;Night;Wednesday;10,89608923;69,9591248;247,4083509;27,95543721;0
User_11;Nissan Leaf;50;PT-EVS19900;15/01/24 15:00;15/01/24 15:54;48,32460775;2,311636671;19,59383734;49,13746988;Afternoon;Friday;27,01497804;55,86102941;161,4030489;3,499341377;2
User_16;BMW i3;75;PT-EVS03256;15/01/24 17:00;15/01/24 19:43;68,74906949;0,554637178;10,76167059;28,29294039;Afternoon;Thursday;81,28486698;66,07649513;284,8458;13,78965983;3
User_14;Nissan Leaf;50;PT-EVS20102;15/01/24 18:00;15/01/24 20:28;67,43740257;1,814561059;16,09934852;14,99636875;Night;Thursday;89,8707904;93,90137525;36,06023657;34,08218776;3
User_7;Hyundai Kona;85;PT-EVS28575;15/01/24 21:00;15/01/24 21:38;62,09565923;2,477935465;30,52868479;8,860047395;Afternoon;Tuesday;43,88619085;81,46898348;285,7904587;-8,559081243;1
User_12;Tesla Model 3;82;PT-EVS10927;15/01/24 22:00;15/01/24 23:29;28,86406096;2,113671385;38,34408586;37,44951918;Night;Monday;27,67853787;92,57272071;107,0000963;13,19447936;2
User_8;BMW i3;75;PT-EVS21671;16/01/24 01:00;16/01/24 02:20;26,99234408;3,548983526;46,58137118;36,50047332;Morning;Monday;23,69485787;56,10531021;237,5110205;25,10961225;1
User_16;BMW i3;75;PT-EVS01108;16/01/24 02:00;16/01/24 05:37;6,938193834;3,290962681;13,28792406;16,88633009;Night;Monday;88,6094203;81,44337976;230,3190329;1,201982166;3
User_2;Hyundai Kona;85;PT-EVS12492;16/01/24 05:00;16/01/24 06:00;10,38609378;1,24256442;47,76649444;21,48892071;Morning;Friday;56,66366373;73,29028272;188,1506524;16,83051616;0
User_17;BMW i3;75;PT-EVS15699;16/01/24 08:00;16/01/24 10:02;23,14704768;3,284092187;25,39949364;10,99775279;Morning;Tuesday;76,81997632;50,97279314;61,04731009;15,60505898;4
User_1;BMW i3;75;PT-EVS35327;16/01/24 11:00;16/01/24 14:13;68,25299905;1,631995744;29,2084268;9,459763979;Afternoon;Saturday;85,90246196;91,27822447;50,4130249;37,52882264;0
User_13;Tesla Model 3;82;PT-EVS07714;16/01/24 14:00;16/01/24 14:37;28,16354561;2,291322391;23,38920535;29,76359555;Morning;Friday;72,89998626;18,70034949;23,47388206;15,44621677;3
User_19;Nissan Leaf;50;PT-EVS09942;16/01/24 17:00;16/01/24 18:17;55,78297746;1,376797156;46,3333419;30,47364423;Night;Friday;29,61436323;88,37842812;10,87998409;14,24049489;4
User_20;Tesla Model 3;82;PT-EVS14686;16/01/24 22:00;17/01/24 01:57;64,94285707;3,636794701;49,31912885;15,32161386;Night;Friday;49,30106049;73,24351853;41,76229202;12,25492864;4
User_8;BMW i3;75;PT-EVS35684;16/01/24 23:00;17/01/24 02:53;70,06077676;3,399748993;42,94568337;15,24274876;Morning;Sunday;95,79218803;66,37502518;164,0286371;38,87241151;1
User_11;Nissan Leaf;50;PT-EVS30678;17/01/24 03:00;17/01/24 06:19;13,72613374;6,17641656;12,48400855;21,09238546;Evening;Friday;82,91258265;90,83107621;166,7223838;6,786353391;2
User_20;Tesla Model 3;82;PT-EVS01248;17/01/24 06:00;17/01/24 08:36;36,04757739;1,64577996;49,85189639;7,461577394;Evening;Tuesday;46,32842586;52,15170917;57,6589438;6,876897282;4
User_15;Hyundai Kona;85;PT-EVS08410;17/01/24 07:00;17/01/24 08:51;31,73575031;1,961957618;11,12987276;11,73930094;Evening;Wednesday;58,96875275;81,66823961;87,27410522;-9,56906362;3
User_4;Tesla Model 3;82;PT-EVS29537;17/01/24 09:00;17/01/24 11:15;41,56862025;2,534327207;27,87688276;37,10922604;Night;Friday;25,52830137;73,36154764;240,385116;-2,134070302;0
User_10;Hyundai Kona;85;PT-EVS02096;17/01/24 11:00;17/01/24 14:59;12,11809323;2,854493843;7,997038342;37,31386508;Evening;Monday;30,06718878;90,20705112;256,2264581;20,98749334;2
User_18;Hyundai Kona;85;PT-EVS30759;17/01/24 12:00;17/01/24 12:30;48,27254829;3,649578322;43,14231982;10,32993831;Night;Thursday;60,60395557;71,9541788;;33,54745432;4
User_9;BMW i3;75;PT-EVS10115;17/01/24 14:00;17/01/24 14:50;54,62699763;2,231225791;27,77306743;37,76303576;Morning;Saturday;55,80982586;60,03055718;246,2943567;-4,373660484;2
User_15;Hyundai Kona;85;PT-EVS32987;17/01/24 17:00;17/01/24 19:41;13,66384251;0,799133805;14,33045702;8,275923214;Morning;Monday;62,24698008;82,88893035;209,090643;36,08892888;3
User_13;Tesla Model 3;82;PT-EVS10554;17/01/24 18:00;17/01/24 21:37;31,81022341;3,674137371;32,83733504;32,94225606;Evening;Tuesday;78,60513123;55,81019315;188,7036355;14,48313566;3
User_14;Nissan Leaf;50;PT-EVS15613;18/01/24 03:00;18/01/24 06:25;27,04710323;1,109637723;4,521631542;33,45756611;Afternoon;Monday;52,03296568;105,6169219;58,72601728;20,56538827;3
User_2;Hyundai Kona;85;PT-EVS23794;18/01/24 04:00;18/01/24 05:02;30,18468424;2,971427975;40,18246011;7,260888622;Afternoon;Sunday;64,15663501;65,40054489;104,5358532;26,1756259;0
User_1;BMW i3;75;PT-EVS04540;18/01/24 05:00;18/01/24 07:07;15,34212068;3,392452251;43,49684996;30,94551499;Evening;Tuesday;41,89272737;95,37829797;172,293577;36,03515006;0
User_4;Tesla Model 3;82;PT-EVS20024;18/01/24 06:00;18/01/24 07:30;45,34396447;3,023573638;11,27466652;11,65652844;Night;Wednesday;78,22201633;74,80767196;277,6436866;37,97225791;0
User_3;Nissan Leaf;50;PT-EVS18154;18/01/24 09:00;18/01/24 10:53;32,49151582;0,775971607;47,25775934;7,587563677;Evening;Friday;84,13308475;76,17491921;143,6103531;17,16304347;0
User_1;BMW i3;75;PT-EVS28179;18/01/24 11:00;18/01/24 12:46;41,57891512;1,076998593;35,418106;7,269854492;Night;Thursday;45,88552783;90,42239601;149,934857;21,27698236;0
User_11;Nissan Leaf;50;PT-EVS35808;18/01/24 12:00;18/01/24 12:30;41,60286682;1,495118904;4,909722102;13,57109853;Morning;Tuesday;61,83041388;61,69216278;32,04873121;18,09939726;2
User_17;BMW i3;75;PT-EVS23881;18/01/24 13:00;18/01/24 15:42;29,69789846;3,919635638;32,30310226;21,4800656;Afternoon;Saturday;42,99230054;50,44045037;180,4529065;8,199106995;4
User_14;Nissan Leaf;50;PT-EVS14710;18/01/24 15:00;18/01/24 15:44;61,9271036;0,798403786;25,27459826;27,12255887;Morning;Wednesday;73,65740812;93,02610697;;7,685197905;3
User_10;Hyundai Kona;85;PT-EVS14609;18/01/24 19:00;18/01/24 21:16;37,28701876;1,904718015;29,14882623;10,42068113;Morning;Tuesday;29,08564192;78,12984431;46,64674939;6,233313954;2
User_15;Hyundai Kona;85;PT-EVS15025;18/01/24 20:00;18/01/24 22:54;72,0948405;2,022818243;7,424169716;7,964528514;Morning;Monday;32,50685926;89,84464824;255,1174516;-3,31159917;3
User_8;BMW i3;75;PT-EVS29262;18/01/24 21:00;18/01/24 23:22;65,75133335;0,87624523;42,51413255;20,24363545;Evening;Sunday;18,32067912;81,15356977;80,82729731;18,95955582;1
User_11;Nissan Leaf;50;PT-EVS11547;18/01/24 22:00;19/01/24 00:07;42,86561113;2,193514726;33,88461997;6,19057921;Night;Tuesday;87,89447635;67,77841775;65,34041016;-5,560344629;2
User_12;Tesla Model 3;82;PT-EVS06003;18/01/24 23:00;19/01/24 01:50;33,39817876;2,455006976;14,42092922;15,41312073;Morning;Tuesday;23,34413923;68,13930115;23,10688272;27,28334186;2
User_13;Tesla Model 3;82;PT-EVS12017;19/01/24 16:00;19/01/24 19:27;5,746444809;0,58102956;7,007637737;20,6525859;Evening;Friday;60,71131119;67,30386448;140,0044608;16,97617108;3
User_19;Nissan Leaf;50;PT-EVS00817;19/01/24 17:00;19/01/24 20:46;9,737039612;3,070307175;3,645282259;39,66248652;Morning;Tuesday;75,78098421;97,16335944;157,8770595;13,5202213;4
User_10;Hyundai Kona;85;PT-EVS03816;19/01/24 20:00;19/01/24 22:54;72,94802476;3,757952844;14,7901193;10,5217203;Morning;Friday;38,58475755;78,14300037;14,89172333;34,42220359;2
User_7;Hyundai Kona;85;PT-EVS03237;19/01/24 21:00;20/01/24 00:52;21,09784722;3,468062458;37,26275519;25,55170952;Night;Friday;66,19996586;78,69730899;197,8486848;-3,525207987;1
User_6;Nissan Leaf;50;PT-EVS27735;19/01/24 23:00;20/01/24 00:17;65,18392769;2,408337112;38,57770533;33,18646283;Night;Saturday;17,72971756;82,7913617;254,2166124;17,14920107;1
User_4;Tesla Model 3;82;PT-EVS25967;20/01/24 04:00;20/01/24 06:41;16,4721403;1,771715317;22,11445681;24,10975593;Morning;Tuesday;90,69939969;91,81780236;141,2887885;39,91173618;0
User_6;Nissan Leaf;50;PT-EVS25047;20/01/24 05:00;20/01/24 07:09;78,30687813;2,40015746;11,8110025;29,76314299;Afternoon;Thursday;18,93648978;51,58666808;20,62247449;4,690969979;1
User_19;Nissan Leaf;50;PT-EVS16604;20/01/24 10:00;20/01/24 10:38;58,09105214;2,649403041;7,069653277;30,93345703;Afternoon;Saturday;42,03630469;99,21085073;39,4042422;-6,248861996;4
User_3;Nissan Leaf;50;PT-EVS25777;20/01/24 14:00;20/01/24 15:12;65,45087829;3,919259959;47,44351917;11,05758726;Evening;Saturday;17,5659589;99,94081726;117,8599335;10,83770274;0
User_16;BMW i3;75;PT-EVS05798;20/01/24 20:00;20/01/24 22:03;65,8986118;2,155199156;39,45935876;10,07764264;Morning;Monday;73,79002998;95,28862889;161,1960701;26,15366867;3
User_12;Tesla Model 3;82;PT-EVS32375;20/01/24 21:00;21/01/24 00:43;34,80201788;0,852049798;16,59673018;28,32797875;Night;Wednesday;64,52432585;57,79820096;;14,22429415;2
User_5;Tesla Model 3;82;PT-EVS18012;21/01/24 00:00;21/01/24 02:53;31,7311032;2,648982934;68,54260187;16,74899045;Morning;Thursday;39,60719966;85,42662634;107,682395;-9,303116064;1
User_8;BMW i3;75;PT-EVS33721;21/01/24 01:00;21/01/24 04:53;41,27067551;3,490912756;6,792363388;27,60932374;Morning;Friday;10,86844433;72,77003286;244,0317829;-8,037420442;1
User_16;BMW i3;75;PT-EVS05476;21/01/24 08:00;21/01/24 09:22;39,46996622;2,399707258;21,76519336;7,401232279;Evening;Friday;43,73232055;18,83987639;73,21338219;-2,094621088;3
User_8;BMW i3;75;PT-EVS17878;21/01/24 12:00;21/01/24 13:15;10,15521282;1,520104462;41,1804616;6,571259003;Morning;Saturday;28,83519838;76,29684375;156,0842544;7,541240676;1
User_5;Tesla Model 3;82;PT-EVS25031;21/01/24 13:00;21/01/24 14:38;54,99770543;3,478629285;34,58457237;36,06123732;Morning;Wednesday;42,69807426;60,69092057;2,908369295;22,32525036;1
User_18;Hyundai Kona;85;PT-EVS17817;21/01/24 14:00;21/01/24 16:23;64,87047474;3,233908962;38,98816937;5,19759077;Night;Tuesday;26,65071179;56,3647707;90,1348094;27,33409428;4
User_20;Tesla Model 3;82;PT-EVS16038;21/01/24 15:00;21/01/24 17:56;25,13233553;1,899860257;16,20549351;32,61585547;Night;Monday;25,68434812;94,52863671;127,4300174;40,25549686;4
User_12;Tesla Model 3;82;PT-EVS05975;21/01/24 18:00;21/01/24 20:48;44,41845305;2,34437073;19,66302252;6,185543108;Evening;Saturday;22,97712853;94,85638958;116,4205311;36,38826993;2
User_10;Hyundai Kona;85;PT-EVS13697;21/01/24 22:00;22/01/24 00:57;63,79396887;0,780726977;25,33774295;18,7730047;Afternoon;Saturday;35,17374582;92,89712659;208,1049928;22,73671045;2
User_9;BMW i3;75;PT-EVS08583;22/01/24 03:00;22/01/24 04:43;73,61974525;3,512410977;25,2762721;24,75324613;Morning;Thursday;36,21438192;85,98415765;253,8460156;36,15884522;2
User_13;Tesla Model 3;82;PT-EVS10839;22/01/24 05:00;22/01/24 08:03;41,94358637;2,536956323;11,33623934;23,05307356;Afternoon;Friday;18,60707557;79,10217892;192,7822602;-0,309294277;3
User_17;BMW i3;75;PT-EVS24577;22/01/24 09:00;22/01/24 11:24;8,89115582;2,884394706;48,73579806;8,586459321;Afternoon;Monday;45,45218188;52,39898306;;25,21467243;4
User_2;Hyundai Kona;85;PT-EVS22657;22/01/24 13:00;22/01/24 16:38;16,08097433;3,268899414;36,72813141;69,40774319;Afternoon;Thursday;12,68873922;82,08507355;208,8995367;38,07846358;0
User_15;Hyundai Kona;85;PT-EVS21827;22/01/24 14:00;22/01/24 17:38;7,557567403;1,500672016;43,23390652;28,5246858;Night;Monday;17,75427604;99,07140402;22,22200645;39,70275937;3
User_13;Tesla Model 3;82;PT-EVS13007;22/01/24 17:00;22/01/24 20:45;67,93942572;1,223061893;17,8996643;0,307085453;Afternoon;Thursday;46,18088081;57,46766554;109,0088004;5,543129287;3
User_8;BMW i3;75;PT-EVS34499;22/01/24 21:00;22/01/24 23:12;20,45364202;0,919790644;26,50464266;9,318802731;Evening;Tuesday;57,96078635;73,66118681;200,1795138;7,501798525;1
User_18;Hyundai Kona;85;PT-EVS03151;22/01/24 22:00;23/01/24 00:54;9,716946684;2,368096933;43,55543394;25,71904075;Afternoon;Saturday;17,34015103;75,07975;100,9589085;5,937826146;4
User_15;Hyundai Kona;85;PT-EVS12316;23/01/24 00:00;23/01/24 03:28;28,57887808;0,977279788;18,89050926;36,55775619;Afternoon;Wednesday;25,48787822;91,4661195;268,4562979;17,67509365;3
User_3;Nissan Leaf;50;PT-EVS04242;23/01/24 03:00;23/01/24 04:44;17,75977455;2,715262625;42,8224051;29,86525329;Morning;Sunday;17,01877315;77,27513132;175,1247606;28,11987388;0
User_19;Nissan Leaf;50;PT-EVS12185;23/01/24 04:00;23/01/24 07:57;79,39006382;2,714307816;19,13778917;21,85267826;Morning;Saturday;63,91237042;87,44451137;;14,46130434;4
User_12;Tesla Model 3;82;PT-EVS34578;23/01/24 12:00;23/01/24 13:25;32,93955896;3,26383962;38,70625781;29,96268706;Morning;Sunday;57,60771499;73,13541481;29,20698666;-3,485828979;2
User_3;Nissan Leaf;50;PT-EVS13167;23/01/24 14:00;23/01/24 15:58;33,01397482;2,661667835;31,90399753;31,92329176;Night;Saturday;51,93997851;68,81430876;20,47193247;18,7966227;0
User_18;Hyundai Kona;85;PT-EVS32661;23/01/24 17:00;23/01/24 17:55;51,87067063;3,860721725;28,74682187;20,1903994;Afternoon;Sunday;85,33986898;72,419012;261,2251303;-0,227549619;4
User_14;Nissan Leaf;50;PT-EVS17797;24/01/24 00:00;24/01/24 03:43;11,75852247;3,042249562;34,72004456;13,28862701;Night;Friday;14,28726823;70,94854752;272,8803398;-5,123045321;3
User_10;Hyundai Kona;85;PT-EVS25153;24/01/24 01:00;24/01/24 03:53;49,89778841;2,401506165;44,04748118;37,87326035;Morning;Sunday;56,77613636;72,15227538;233,2430072;18,00827453;2
User_18;Hyundai Kona;85;PT-EVS16443;24/01/24 02:00;24/01/24 03:42;64,60983161;1,226894334;3,991359551;37,08082729;Morning;Wednesday;21,98287037;72,93984362;116,177119;17,10924053;4
User_20;Tesla Model 3;82;PT-EVS09558;24/01/24 06:00;24/01/24 09:18;48,96111526;2,967570122;28,59951519;12,32649015;Evening;Saturday;68,68646311;85,61471938;122,7506887;6,65901215;4
User_5;Tesla Model 3;82;PT-EVS27472;24/01/24 08:00;24/01/24 09:00;52,55689588;1,038957966;37,50238774;26,92281538;Afternoon;Wednesday;71,54644711;74,06468015;49,571174;31,5287761;1
User_7;Hyundai Kona;85;PT-EVS34839;24/01/24 15:00;24/01/24 17:21;48,57848685;3,589270673;1,722296154;22,01948188;Night;Wednesday;117,656235;91,72453979;41,57911739;28,4532827;1
User_1;BMW i3;75;PT-EVS09473;24/01/24 16:00;24/01/24 19:43;60,63745353;1,753845775;7,703067645;14,58892712;Afternoon;Monday;71,58529276;56,16768066;135,9953214;12,16890671;0
User_6;Nissan Leaf;50;PT-EVS27994;24/01/24 18:00;24/01/24 21:31;32,34799933;3,914681797;15,17023592;16,52347117;Morning;Sunday;71,05173681;83,00801294;254,0436445;11,65767977;1
User_8;BMW i3;75;PT-EVS09388;25/01/24 03:00;25/01/24 05:41;73,31591786;2,896990677;23,97348714;18,38799786;Morning;Wednesday;18,39015107;80,42568669;86,38453002;17,73868309;1
User_17;BMW i3;75;PT-EVS25771;25/01/24 04:00;25/01/24 06:08;62,86785795;2,923176577;15,49002761;10,01092975;Morning;Wednesday;33,80968016;61,33586729;112,9222169;1,901738829;4
User_10;Hyundai Kona;85;PT-EVS28363;25/01/24 05:00;25/01/24 07:35;14,35520849;1,76629888;47,80486646;35,24659269;Evening;Monday;13,13470256;53,73066045;274,79902;21,97629416;2
User_13;Tesla Model 3;82;PT-EVS16154;25/01/24 06:00;25/01/24 08:47;74,78969508;1,879862312;21,10837172;10,3422527;Morning;Saturday;16,30623977;69,88709284;260,004374;32,74589757;3
User_15;Hyundai Kona;85;PT-EVS26491;25/01/24 09:00;25/01/24 09:43;47,18840894;3,330128112;5,340049724;29,79361388;Evening;Wednesday;17,56487802;54,49094701;156,4639258;5,107230642;3
User_3;Nissan Leaf;50;PT-EVS09787;25/01/24 17:00;25/01/24 18:44;75,40700954;3,15448654;17,72970872;9,081870691;Evening;Sunday;32,02965793;101,6052792;93,79222805;12,4570578;0
User_10;Hyundai Kona;85;PT-EVS02849;25/01/24 19:00;25/01/24 22:44;36,49027788;0,704754315;5,949301764;23,36364121;Night;Monday;64,22809474;76,17290419;241,9846437;36,04862346;2
User_2;Hyundai Kona;85;PT-EVS03465;25/01/24 22:00;25/01/24 22:49;28,27985715;2,693719409;13,22697476;24,96372469;Evening;Tuesday;62,57412042;88,35855053;190,684355;12,38716533;0
User_18;Hyundai Kona;85;PT-EVS16070;25/01/24 23:00;25/01/24 23:43;28,8691248;1,15392075;32,83003789;46,05917303;Evening;Sunday;81,27280774;95,9717938;210,2772504;30,89722994;4
User_2;Hyundai Kona;85;PT-EVS32446;26/01/24 02:00;26/01/24 03:23;45,11780648;3,952704738;4,273735085;7,070463344;Evening;Sunday;13,58195968;76,36656024;162,8060412;-3,858987596;0
User_9;BMW i3;75;PT-EVS04587;26/01/24 03:00;26/01/24 04:00;26,29222408;1,778820811;3,593327632;33,69455231;Afternoon;Thursday;40,47601382;69,66797732;177,8125267;32,06059185;2
User_3;Nissan Leaf;50;PT-EVS16384;26/01/24 08:00;26/01/24 10:37;22,01644361;1,269157599;41,19625064;35,94010098;Morning;Monday;23,66561092;74,89872942;236,573561;11,54438093;0
User_12;Tesla Model 3;82;PT-EVS25308;26/01/24 09:00;26/01/24 12:59;67,38186056;0,799210231;2,63696679;25,81518236;Night;Wednesday;12,05479002;86,490247;233,883499;5,890056033;2
User_20;Tesla Model 3;82;PT-EVS07275;26/01/24 11:00;26/01/24 11:54;67,13334039;1,234154803;27,9567152;32,69770059;Evening;Thursday;23,50594716;76,14600845;7,619894391;8,087592837;4
User_13;Tesla Model 3;82;PT-EVS25940;26/01/24 14:00;26/01/24 17:49;35,32733225;1,47164376;44,67299946;25,36250423;Morning;Wednesday;51,4173333;73,33529425;128,3209933;29,21278449;3
User_14;Nissan Leaf;50;PT-EVS10999;26/01/24 21:00;26/01/24 23:51;44,06215479;2,714331888;12,63772843;5,449246049;Morning;Sunday;74,68318534;73,06427881;10,89843061;3,802174549;3
User_3;Nissan Leaf;50;PT-EVS29069;27/01/24 00:00;27/01/24 02:03;16,55462396;6,494007043;36,74898063;30,01767025;Evening;Thursday;69,43228823;52,06275802;299,2617085;-1,638657149;0
User_16;BMW i3;75;PT-EVS20822;27/01/24 02:00;27/01/24 05:53;43,5123471;1,181219115;26,13523981;6,619677868;Evening;Wednesday;17,36980865;95,17216451;141,1681321;21,07846133;3
User_20;Tesla Model 3;82;PT-EVS19660;27/01/24 07:00;27/01/24 08:22;79,21399696;2,604326203;20,61380416;22,48456536;Night;Monday;37,49932663;96,6797086;;-1,2045317;4
User_17;BMW i3;75;PT-EVS06355;27/01/24 08:00;27/01/24 11:24;62,91943735;1,110562982;37,24345801;38,96704817;Afternoon;Saturday;39,36013937;50,60418728;268,5474334;21,51949832;4
User_12;Tesla Model 3;82;PT-EVS16651;27/01/24 12:00;27/01/24 14:45;21,86794779;3,383336827;29,884066;40,43305378;Evening;Friday;43,8356488;61,37202947;229,7015932;35,01191455;2
User_10;Hyundai Kona;85;PT-EVS30793;27/01/24 13:00;27/01/24 13:33;78,23764802;2,783211867;10,32712933;10,55371758;Evening;Tuesday;76,09869925;59,31250922;66,63692342;30,18670377;2
User_8;BMW i3;75;PT-EVS00702;27/01/24 16:00;27/01/24 19:17;68,06928828;1,321177935;34,39817878;29,47225629;Morning;Monday;62,0644194;82,6938659;135,7250324;-4,992523665;1
User_18;Hyundai Kona;85;PT-EVS27267;27/01/24 20:00;27/01/24 23:21;6,337534265;0,941406248;4,315961671;12,54793256;Morning;Wednesday;44,29225743;55,5236463;170,9205524;26,7089408;4
User_2;Hyundai Kona;85;PT-EVS17714;27/01/24 23:00;28/01/24 02:29;62,42036137;2,50003528;29,9083034;8,075374255;Night;Thursday;119,0511075;50,38374048;263,5031195;23,66715836;0
User_5;Tesla Model 3;82;PT-EVS25863;28/01/24 00:00;28/01/24 01:53;34,79315986;3,412916197;11,91555036;19,5875447;Evening;Thursday;12,13162329;76,19400125;;33,37442727;1
User_6;Nissan Leaf;50;PT-EVS23844;28/01/24 03:00;28/01/24 06:54;76,06503881;3,724368519;5,490322577;8,832716318;Evening;Wednesday;15,22175989;83,98306137;233,2734068;10,67541015;1
User_7;Hyundai Kona;85;PT-EVS15533;28/01/24 05:00;28/01/24 06:42;39,67713381;3,944614198;5,847147396;23,86068056;Evening;Friday;89,27457304;83,81584017;106,7058765;-1,356225234;1
User_15;Hyundai Kona;85;PT-EVS11096;28/01/24 06:00;28/01/24 06:33;68,26902092;1,533486897;15,06055653;8,010477245;Afternoon;Monday;72,3273003;63,80347684;205,7080402;11,87244597;3
User_14;Nissan Leaf;50;PT-EVS22550;28/01/24 09:00;28/01/24 10:46;59,15730847;2,866837149;19,10141709;20,11401486;Evening;Thursday;14,43359894;54,77336504;276,608932;34,32752406;3
User_5;Tesla Model 3;82;PT-EVS05041;28/01/24 17:00;28/01/24 17:48;19,14653893;2,80415158;35,45357671;7,523935074;Afternoon;Tuesday;56,817783;55,05492162;153,0542058;24,1478028;1
User_11;Nissan Leaf;50;PT-EVS20997;28/01/24 20:00;28/01/24 21:46;51,14211521;1,780954154;21,11803065;34,73970731;Afternoon;Tuesday;58,18936315;69,15772794;290,7658056;18,38760346;2
User_20;Tesla Model 3;82;PT-EVS03404;28/01/24 21:00;28/01/24 22:46;69,71594631;3,783098446;10,06309377;37,11929537;Evening;Saturday;20,4323108;79,5199883;205,7699162;-4,478051973;4
User_2;Hyundai Kona;85;PT-EVS23361;29/01/24 00:00;29/01/24 01:35;78,98357945;2,904071459;37,47917296;32,75725728;Evening;Sunday;30,85532385;89,88889814;222,761718;9,56891468;0
User_8;BMW i3;75;PT-EVS22602;29/01/24 01:00;29/01/24 01:39;8,527929006;2,929231262;9,812104577;17,86108716;Evening;Saturday;40,40203633;66,02532263;99,23240605;39,9300032;1
User_4;Tesla Model 3;82;PT-EVS03036;29/01/24 02:00;29/01/24 04:35;54,86000329;1,740904722;38,70203715;18,79158393;Morning;Tuesday;16,50464586;133,6294352;225,6350477;-7,668417861;0
User_18;Hyundai Kona;85;PT-EVS27230;29/01/24 03:00;29/01/24 06:54;48,50288659;3,256956589;43,60970746;13,98407365;Night;Monday;28,20893507;64,31222001;94,94198698;23,8877427;4
User_15;Hyundai Kona;85;PT-EVS14948;29/01/24 09:00;29/01/24 10:53;11,5147181;2,460808921;3,802303328;31,18678043;Night;Friday;18,88615716;82,46833406;234,8791649;-4,093359076;3
User_2;Hyundai Kona;85;PT-EVS28287;29/01/24 14:00;29/01/24 17:01;7,275443511;2,690603255;21,06032431;34,65404091;Night;Saturday;12,88478096;72,45174831;66,8002714;26,95365853;0
User_5;Tesla Model 3;82;PT-EVS01496;29/01/24 16:00;29/01/24 19:39;74,34970162;2,228619733;18,03449261;31,42153777;Evening;Friday;78,78459856;61,9953326;144,4372219;-8,059848674;1
User_18;Hyundai Kona;85;PT-EVS06451;29/01/24 18:00;29/01/24 21:39;57,23283445;1,389640352;30,94275331;5,663990127;Evening;Tuesday;22,44089942;63,15177111;36,00389596;0,830582909;4
User_9;BMW i3;75;PT-EVS17758;29/01/24 20:00;29/01/24 22:21;10,4201108;1,229348211;18,89970326;8,942145214;Afternoon;Saturday;54,97882574;59,78078858;143,5610357;21,29310651;2
User_5;Tesla Model 3;82;PT-EVS06767;29/01/24 22:00;30/01/24 01:43;64,45081158;3,998843751;21,47178993;31,66782213;Morning;Friday;46,2204361;89,43899158;231,1922317;18,96695554;1
User_19;Nissan Leaf;50;PT-EVS11858;29/01/24 23:00;30/01/24 02:58;37,8472973;2,262536221;2,826146252;8,33098317;Afternoon;Wednesday;55,25180507;101,7019615;173,2329019;24,3819304;4
User_11;Nissan Leaf;50;PT-EVS23747;30/01/24 02:00;30/01/24 02:32;38,61710109;2,528738094;43,01294386;10,40128286;Afternoon;Sunday;70,98523133;55,49549699;283,1400363;34,31814298;2
User_3;Nissan Leaf;50;PT-EVS05196;30/01/24 03:00;30/01/24 05:34;24,40113304;1,478023096;31,11524448;24,13463552;Afternoon;Tuesday;65,98351537;51,25486777;32,03949076;23,59028973;0
User_4;Tesla Model 3;82;PT-EVS24362;30/01/24 08:00;30/01/24 11:57;56,6575637;0,613208508;21,0697714;12,84652928;Night;Monday;84,61526142;88,99562893;151,9665087;17,36766172;0
User_16;BMW i3;75;PT-EVS03718;30/01/24 09:00;30/01/24 10:28;5,58379777;2,833926983;35,82084576;35,0091288;Afternoon;Thursday;68,59711303;95,58825531;125,2585778;16,51093464;3
User_2;Hyundai Kona;85;PT-EVS06298;30/01/24 14:00;30/01/24 15:20;10,5581562;3,990952264;17,23173869;29,84300731;Afternoon;Sunday;64,65832409;58,68570516;37,9944411;32,26012676;0
User_10;Hyundai Kona;85;PT-EVS21125;30/01/24 15:00;30/01/24 16:02;12,1284844;2,954305533;9,582158682;38,12124122;Morning;Monday;48,94788601;77,67619771;81,64473755;23,61939627;2
User_3;Nissan Leaf;50;PT-EVS28524;30/01/24 20:00;30/01/24 21:51;23,22263438;0,656485961;5,406718024;30,83715063;Afternoon;Saturday;17,51343663;97,2383133;214,200918;22,9101995;0
User_6;Nissan Leaf;50;PT-EVS06133;30/01/24 21:00;30/01/24 23:01;21,30857255;3,735302162;28,04359239;39,92534587;Night;Tuesday;78,29829104;91,7160356;198,7338106;-5,46532879;1
User_19;Nissan Leaf;50;PT-EVS10784;30/01/24 23:00;31/01/24 02:55;32,25299064;3,649625688;71,62104096;35,48158301;Evening;Friday;45,41422996;78,63832292;25,05757787;-1,925544736;4
User_8;BMW i3;75;PT-EVS33256;31/01/24 03:00;31/01/24 06:56;55,30273056;2,544566059;37,34746081;24,08202573;Morning;Thursday;71,91664638;88,37524194;106,9396474;30,18843916;1
User_13;Tesla Model 3;82;PT-EVS35577;31/01/24 04:00;31/01/24 07:48;10,19225943;2,193662226;14,43535243;29,61595785;Evening;Saturday;14,18454828;71,74589401;298,969461;-5,39232914;3
User_5;Tesla Model 3;82;PT-EVS20888;31/01/24 05:00;31/01/24 05:44;62,6340099;1,306101364;37,57454771;18,4840398;Evening;Monday;69,88302901;89,70899824;38,61495715;1,195422059;1
User_19;Nissan Leaf;50;PT-EVS16070;31/01/24 07:00;31/01/24 08:33;12,35040612;1,499556879;44,04764539;24,30929724;Night;Wednesday;47,07173173;68,83315695;;15,00986729;4
User_2;Hyundai Kona;85;PT-EVS12469;31/01/24 11:00;31/01/24 12:44;48,66355521;1,756271661;36,32372775;15,39957845;Afternoon;Thursday;49,28268959;91,74603216;178,1213088;21,01240559;0
User_11;Nissan Leaf;50;PT-EVS22016;31/01/24 13:00;31/01/24 16:39;68,24465321;3,375570509;49,3612511;33,36036097;Evening;Wednesday;57,9079949;88,30938417;276,392588;14,82620373;2
User_7;Hyundai Kona;85;PT-EVS21242;31/01/24 19:00;31/01/24 20:35;10,13770944;1,582369812;36,07784471;26,5542637;Evening;Tuesday;34,89212626;99,87119867;217,5966346;40,81674038;1
User_3;Nissan Leaf;50;PT-EVS10596;31/01/24 22:00;31/01/24 23:02;16,49721204;1,811355114;9,554956967;12,18922157;Evening;Tuesday;50,53193933;93,95394941;225,2552692;31,79654964;0
User_16;BMW i3;75;PT-EVS00820;01/02/24 06:00;01/02/24 08:42;74,10752218;2,224661484;45,69740275;14,75800919;Evening;Wednesday;72,90390529;51,69102216;177,2088872;3,262503248;3
User_18;Hyundai Kona;85;PT-EVS05446;01/02/24 12:00;01/02/24 15:25;73,8693626;1,196800143;26,08697308;5,644054414;Morning;Friday;80,69801216;88,20526203;180,4546021;21,29459053;4
User_14;Nissan Leaf;50;PT-EVS34458;01/02/24 13:00;01/02/24 15:25;64,37713244;2,314860017;15,2565692;8,811798669;Afternoon;Monday;15,58695625;98,80776451;199,7584008;25,40739976;3
User_18;Hyundai Kona;85;PT-EVS15032;01/02/24 19:00;01/02/24 21:11;73,80921664;2,36986948;10,5759383;5,307741456;Afternoon;Sunday;53,17181764;92,16041892;126,3959626;25,04490616;4
User_11;Nissan Leaf;50;PT-EVS17338;01/02/24 20:00;01/02/24 21:23;35,02666957;1,739521091;22,02798565;28,80826687;Evening;Thursday;26,27624404;59,19858804;208,4805344;-8,712180413;2
User_19;Nissan Leaf;50;PT-EVS16792;01/02/24 22:00;01/02/24 23:05;35,89954921;1,772447029;12,51189727;20,24627921;Night;Thursday;16,49275287;53,08457255;150,2772102;15,05582745;4
User_18;Hyundai Kona;85;PT-EVS28137;01/02/24 23:00;02/02/24 02:59;48,33018276;2,15414623;14,81256989;15,30369673;Morning;Wednesday;56,27459504;65,98703033;229,182835;18,03247339;4
User_5;Tesla Model 3;82;PT-EVS02335;02/02/24 01:00;02/02/24 02:51;15,5583755;0,755443089;44,45073085;28,83648567;Morning;Monday;83,20214245;61,22134406;243,8284444;25,90015483;1
User_2;Hyundai Kona;85;PT-EVS02974;02/02/24 02:00;02/02/24 03:36;40,7367048;2,534525414;9,866759209;36,57452173;Night;Friday;33,92648682;67,6953312;119,0969189;13,54692893;0
User_9;BMW i3;75;PT-EVS09916;02/02/24 04:00;02/02/24 05:18;39,67667007;6,75915168;43,1204033;15,29852516;Night;Friday;71,93335081;57,05150376;14,59087877;-8,630011423;2
User_14;Nissan Leaf;50;PT-EVS17494;02/02/24 05:00;02/02/24 07:20;5,755335112;1,588658619;10,87967612;25,17200545;Afternoon;Sunday;65,91461015;52,23791779;18,7109658;11,11428022;3
User_10;Hyundai Kona;85;PT-EVS24125;02/02/24 09:00;02/02/24 12:52;19,97640696;2,287342909;35,90037572;22,64215189;Morning;Monday;73,29493498;58,58041749;299,4640475;14,43422724;2
User_12;Tesla Model 3;82;PT-EVS17640;02/02/24 14:00;02/02/24 15:26;6,307290913;2,798826325;21,85192996;23,87933114;Afternoon;Saturday;89,78556217;83,84827423;179,0925312;10,35659124;2
User_5;Tesla Model 3;82;PT-EVS15859;02/02/24 17:00;02/02/24 17:44;17,21874448;0,957521116;47,74613739;15,17599523;Evening;Sunday;53,67177395;76,20126916;20,49469516;20,01875008;1
User_3;Nissan Leaf;50;PT-EVS33713;02/02/24 18:00;02/02/24 20:20;48,14596961;2,867363493;15,5216618;31,83906197;Afternoon;Sunday;16,53718056;99,98486048;33,08713919;32,22738413;0
User_16;BMW i3;75;PT-EVS05789;02/02/24 19:00;02/02/24 21:10;25,12116467;1,010506969;32,09365177;14,44083823;Night;Saturday;58,39027846;93,64930682;272,2871845;-6,052887854;3
User_5;Tesla Model 3;82;PT-EVS20552;02/02/24 21:00;02/02/24 22:45;43,25451714;3,210764372;19,27803572;13,3747112;Night;Tuesday;16,42986703;85,24212847;156,1962255;27,81755697;1
User_19;Nissan Leaf;50;PT-EVS19493;03/02/24 03:00;03/02/24 05:31;78,89524911;1,225895512;30,74927682;7,260289754;Morning;Sunday;62,08764645;80,77137882;73,61394812;16,52085958;4
User_15;Hyundai Kona;85;PT-EVS17021;03/02/24 04:00;03/02/24 05:10;10,24188589;1,394747103;29,21621369;34,65331381;Evening;Sunday;14,96166964;70,51180081;295,9150269;18,15385475;3
User_3;Nissan Leaf;50;PT-EVS29031;03/02/24 05:00;03/02/24 08:16;5,144893572;1,996622706;9,230954632;21,48947597;Evening;Monday;83,66896736;80,51886312;66,52104688;8,640698596;0
User_16;BMW i3;75;PT-EVS09597;03/02/24 10:00;03/02/24 12:53;42,79819076;2,342711366;33,78877719;12,77662117;Morning;Friday;67,94619207;57,87020411;17,76008288;12,91830155;3
User_7;Hyundai Kona;85;PT-EVS34286;03/02/24 11:00;03/02/24 11:38;12,81436315;2,588535181;27,38199435;29,63541951;Afternoon;Monday;66,46134154;68,41309482;251,1713532;22,61418259;1
User_11;Nissan Leaf;50;PT-EVS11919;03/02/24 13:00;03/02/24 16:05;0,121143295;1,455635915;45,58156227;37,71055485;Evening;Friday;86,31048769;77,1988129;66,36395614;30,1878528;2
User_10;Hyundai Kona;85;PT-EVS19592;03/02/24 17:00;03/02/24 18:21;15,18743213;2,734597571;13,08002299;26,15309479;Morning;Tuesday;11,88322274;59,52963307;252,8511066;36,99991588;2
User_1;BMW i3;75;PT-EVS18717;03/02/24 18:00;03/02/24 21:58;77,86131613;0,706536646;30,14418744;37,13040463;Evening;Saturday;63,10434295;66,61241346;20,6556778;0,786534417;0
User_11;Nissan Leaf;50;PT-EVS30547;03/02/24 22:00;04/02/24 00:55;27,00471086;3,441490898;46,41136085;38,52706304;Morning;Sunday;88,18011162;61,43525686;298,8701857;8,774037215;2
User_12;Tesla Model 3;82;PT-EVS15778;04/02/24 00:00;04/02/24 01:20;53,64842443;3,408542212;47,29035525;14,66503914;Evening;Saturday;21,45527057;98,16391585;292,8722924;12,02562263;2
User_4;Tesla Model 3;82;PT-EVS10230;04/02/24 01:00;04/02/24 03:46;40,65621778;3,377783999;49,9207256;38,44754632;Morning;Thursday;73,70841814;55,68169449;189,5971055;8,453747359;0
User_17;BMW i3;75;PT-EVS00777;04/02/24 03:00;04/02/24 06:17;16,11111132;1,061027158;22,45670566;25,79939071;Afternoon;Wednesday;67,71925021;53,72387416;75,49880921;-7,663751388;4
User_5;Tesla Model 3;82;PT-EVS13074;04/02/24 04:00;04/02/24 05:24;58,91061762;2,283296446;23,37959846;9,749992695;Evening;Thursday;30,45137839;52,11796213;138,8827901;-8,603112051;1
User_1;BMW i3;75;PT-EVS29703;04/02/24 05:00;04/02/24 07:18;8,751670019;3,135535702;11,59538327;5,043208361;Night;Tuesday;53,35718299;91,29317176;49,68197927;4,854309133;0
User_19;Nissan Leaf;50;PT-EVS00357;04/02/24 06:00;04/02/24 09:56;31,88807234;1,388571419;39,83717408;21,14919718;Evening;Sunday;23,17479517;56,48999004;124,7210829;15,84815512;4
User_15;Hyundai Kona;85;PT-EVS32215;04/02/24 09:00;04/02/24 11:19;10,31787223;2,346320614;18,57163916;25,08585568;Morning;Thursday;86,60111715;83,44744378;87,14078403;33,26552621;3
User_16;BMW i3;75;PT-EVS19514;04/02/24 11:00;04/02/24 14:10;67,88757428;1,945335136;30,12670191;9,410223532;Night;Monday;32,61214548;58,44410433;249,5432916;16,00548864;3
User_8;BMW i3;75;PT-EVS05042;04/02/24 14:00;04/02/24 16:37;54,91320566;2,040456464;7,600372848;32,21803368;Evening;Friday;40,23472851;86,3004022;57,95464278;2,76550169;1
User_3;Nissan Leaf;50;PT-EVS10863;04/02/24 16:00;04/02/24 16:39;62,63359253;0,668854431;9,03850711;17,68230665;Evening;Saturday;14,33606471;94,93985971;288,5503554;47,31817615;0
User_7;Hyundai Kona;85;PT-EVS19916;04/02/24 18:00;04/02/24 20:57;42,22277026;2,323445899;35,74897887;22,33210531;Morning;Tuesday;79,82181804;51,08444284;258,2209854;18,58019253;1
User_10;Hyundai Kona;85;PT-EVS11349;05/02/24 01:00;05/02/24 03:03;47,99575166;2,691270519;39,15483035;10,67507512;Evening;Friday;54,786791;78,98374139;292,6977232;17,58806538;2
User_8;BMW i3;75;PT-EVS03903;05/02/24 06:00;05/02/24 08:58;61,56734925;3,710275408;41,31627182;8,42112691;Evening;Saturday;17,25267949;58,87841174;279,5167461;-2,209581899;1
User_12;Tesla Model 3;82;PT-EVS23941;05/02/24 08:00;05/02/24 08:40;73,07614589;5,945571288;8,455838522;37,44777918;Afternoon;Sunday;36,79452424;95,09040687;228,3193863;-0,413483163;2
User_2;Hyundai Kona;85;PT-EVS24166;05/02/24 11:00;05/02/24 13:35;56,51645588;3,003171547;47,82948046;38,13296108;Evening;Friday;58,10937415;83,74438408;31,19525629;69,48593769;0
User_14;Nissan Leaf;50;PT-EVS04274;05/02/24 13:00;05/02/24 16:39;76,44990711;2,272736337;20,55231728;11,34611166;Evening;Wednesday;18,76139936;62,33419327;42,62028889;32,6079642;3
User_13;Tesla Model 3;82;PT-EVS10110;05/02/24 18:00;05/02/24 21:26;40,27129522;2,776942426;7,675572872;14,40244266;Night;Tuesday;25,04137228;19,57180031;202,2139304;7,701936715;3
User_6;Nissan Leaf;50;PT-EVS08767;05/02/24 23:00;06/02/24 02:36;5,013889647;1,012339128;46,87510964;24,11440833;Morning;Tuesday;12,62370187;93,11447873;139,9387004;1,602716085;1
User_17;BMW i3;75;PT-EVS23705;06/02/24 02:00;06/02/24 04:42;74,93688348;1,504510869;14,43474941;38,30264742;Afternoon;Friday;58,89235922;55,65778914;21,99550224;27,27523924;4
User_3;Nissan Leaf;50;PT-EVS26252;06/02/24 04:00;06/02/24 06:56;51,20288963;1,447056636;45,19091647;39,19681508;Afternoon;Friday;75,55734012;56,56750424;129,4897567;15,64840423;0
User_9;BMW i3;75;PT-EVS26134;06/02/24 07:00;06/02/24 09:27;55,65533279;1,678974989;30,40482982;31,64424984;Evening;Friday;11,01254162;59,8165112;179,4317143;16,05279843;2
User_16;BMW i3;75;PT-EVS33746;06/02/24 09:00;06/02/24 12:27;72,95818105;2,917826685;29,99045483;20,51806392;Afternoon;Sunday;40,21207607;62,269598;256,2701113;12,98738853;3
User_13;Tesla Model 3;82;PT-EVS27631;06/02/24 10:00;06/02/24 12:53;58,11274414;2,572225077;43,4773024;36,43538614;Morning;Thursday;74,63709319;59,82731321;293,1202476;24,13446895;3
User_15;Hyundai Kona;85;PT-EVS11528;06/02/24 14:00;06/02/24 14:30;9,047732107;1,967714479;40,91079821;25,26991752;Night;Thursday;86,31805713;82,64673079;286,8427866;37,03618549;3
User_8;BMW i3;75;PT-EVS03873;06/02/24 16:00;06/02/24 19:35;36,26259614;2,012360141;38,149082;35,14611587;Evening;Friday;58,31902031;67,00704756;85,38239414;-0,495076603;1
User_18;Hyundai Kona;85;PT-EVS22095;06/02/24 17:00;06/02/24 18:58;77,45420996;3,308261928;29,41340669;5,691471522;Afternoon;Tuesday;80,65255109;90,08739344;238,8650098;2,24905517;4
User_12;Tesla Model 3;82;PT-EVS32928;06/02/24 20:00;06/02/24 21:59;20,17078858;2,450451566;40,42078196;37,25540969;Morning;Sunday;31,5569263;97,82793195;96,25331246;2,844132918;2
User_6;Nissan Leaf;50;PT-EVS35054;06/02/24 21:00;07/02/24 00:24;78,16770975;2,128475002;48,99622284;37,74488598;Evening;Thursday;37,68136594;72,04893139;214,6210024;-4,136631723;1
User_7;Hyundai Kona;85;PT-EVS08276;06/02/24 23:00;07/02/24 02:57;62,74942109;2,073324104;15,83620241;33,00898378;Evening;Saturday;102,5758268;80,98016602;;8,273267248;1
User_14;Nissan Leaf;50;PT-EVS08500;07/02/24 00:00;07/02/24 00:43;47,63041182;1,54969567;26,01246941;18,48377514;Evening;Sunday;18,16488828;114,5256472;59,99409882;24,21840758;3
User_16;BMW i3;75;PT-EVS01345;07/02/24 01:00;07/02/24 04:01;51,73713153;1,3552853;26,69194666;16,05186457;Evening;Sunday;42,49267919;93,29904645;252,936759;15,61240154;3
User_5;Tesla Model 3;82;PT-EVS05078;07/02/24 06:00;07/02/24 07:41;73,6065426;1,375724875;26,08789211;25,48078153;Afternoon;Sunday;65,81804152;65,55495934;;-0,77903366;1
User_4;Tesla Model 3;82;PT-EVS19946;07/02/24 09:00;07/02/24 09:56;60,718154;2,194160566;18,49490675;20,47269757;Night;Sunday;35,2671811;59,63373278;84,02663482;2,394315699;0
User_12;Tesla Model 3;82;PT-EVS19656;07/02/24 10:00;07/02/24 11:43;79,27808222;3,894780237;21,2800086;38,07334631;Evening;Thursday;69,2731569;57,6383372;11,60122874;38,02654086;2
User_20;Tesla Model 3;82;PT-EVS13334;07/02/24 13:00;07/02/24 13:52;50,92256839;2,74506507;43,40930151;30,00753824;Night;Friday;15,91426919;82,34479584;120,8847837;12,4626365;4
User_10;Hyundai Kona;85;PT-EVS11142;07/02/24 14:00;07/02/24 15:37;58,92443565;2,201157761;33,52721537;18,00718344;Morning;Wednesday;40,21147093;58,32742249;95,64435152;4,837412072;2
User_17;BMW i3;75;PT-EVS29829;07/02/24 16:00;07/02/24 19:40;13,08918321;0,749979699;31,90771385;26,60432005;Evening;Monday;54,26073497;53,80469865;272,1976953;14,51824632;4
User_3;Nissan Leaf;50;PT-EVS16537;07/02/24 17:00;07/02/24 19:26;31,10226145;0,993842288;40,14362963;19,36324314;Evening;Friday;55,59176313;99,50513971;10,93101298;13,78180987;0
User_12;Tesla Model 3;82;PT-EVS29055;07/02/24 20:00;07/02/24 21:34;50,51448559;2,228729259;19,08649474;11,06019964;Night;Monday;12,87037454;50,66155354;121,0998381;29,29279181;2
User_19;Nissan Leaf;50;PT-EVS34625;07/02/24 21:00;07/02/24 22:37;20,84637782;1,499771048;26,57781476;15,76765636;Night;Friday;61,83352377;85,03607837;139,370767;-2,37688629;4
User_18;Hyundai Kona;85;PT-EVS11401;08/02/24 03:00;08/02/24 05:12;60,28854286;1,853153432;51,36359325;34,58591235;Evening;Wednesday;78,95924905;69,4823754;113,3580577;41,89130689;4
User_5;Tesla Model 3;82;PT-EVS07288;08/02/24 05:00;08/02/24 08:09;37,61011503;3,441723779;21,06766867;32,77849499;Night;Saturday;30,60283602;101,9051814;14,91695623;38,34082129;1
User_7;Hyundai Kona;85;PT-EVS34254;08/02/24 06:00;08/02/24 08:25;38,00957724;2,830236312;6,590228457;7,779103429;Evening;Sunday;48,29442034;98,25239499;233,1699558;-4,148661344;1
User_16;BMW i3;75;PT-EVS22821;08/02/24 07:00;08/02/24 10:56;51,8912794;1,854179252;29,90089219;13,04850845;Night;Saturday;15,75162724;57,05048211;74,53081531;33,35723143;3
User_17;BMW i3;75;PT-EVS10458;08/02/24 15:00;08/02/24 18:36;39,15231009;1,315615687;9,938104195;29,70099612;Morning;Thursday;14,67139043;60,11614291;232,777202;32,05147861;4
User_10;Hyundai Kona;85;PT-EVS22355;08/02/24 17:00;08/02/24 17:39;35,34544122;2,113344299;20,0039321;60,40252537;Evening;Wednesday;21,96026525;69,30351646;81,97014674;-7,257652154;2
User_15;Hyundai Kona;85;PT-EVS18515;08/02/24 22:00;08/02/24 23:21;45,39375394;2,089721092;10,27472863;32,85775433;Night;Saturday;87,41341613;87,13199166;92,57781329;6,020441253;3
User_4;Tesla Model 3;82;PT-EVS32552;09/02/24 02:00;09/02/24 02:46;11,43132882;1,937482886;67,93467893;16,13898722;Morning;Sunday;12,4299103;91,49097804;166,5545964;21,34994476;0
User_1;BMW i3;75;PT-EVS09202;09/02/24 11:00;09/02/24 13:13;26,2210676;1,113860048;29,53589341;33,15126795;Afternoon;Monday;45,55484878;63,62752663;30,15758603;35,50986904;0
User_17;BMW i3;75;PT-EVS35638;09/02/24 16:00;09/02/24 18:28;11,28842885;2,392842989;6,33518496;16,3851015;Morning;Thursday;81,48388644;83,17300491;184,1471636;23,15629505;4
User_12;Tesla Model 3;82;PT-EVS33648;09/02/24 18:00;09/02/24 19:23;42,95272027;1,614998982;9,873961585;16,52504408;Evening;Tuesday;61,3488623;77,18551317;40,74108232;3,733696375;2
User_20;Tesla Model 3;82;PT-EVS06496;09/02/24 23:00;10/02/24 00:27;72,08924277;2,496163492;7,494575511;20,28862372;Night;Friday;22,9005078;94,20825519;87,67871773;3,927031788;4
User_16;BMW i3;75;PT-EVS05918;10/02/24 00:00;10/02/24 02:14;25,32972426;1,742723987;29,14626075;16,59292807;Night;Friday;17,39679727;70,36785122;32,91297836;6,31630325;3
User_19;Nissan Leaf;50;PT-EVS19166;10/02/24 01:00;10/02/24 01:39;58,50930203;1,608912844;19,89667189;30,09365955;Afternoon;Wednesday;74,91089789;80,22706133;111,4645267;21,77882687;4
User_11;Nissan Leaf;50;PT-EVS01615;10/02/24 02:00;10/02/24 02:39;76,57770217;1,809598828;28,35948935;9,014286224;Night;Friday;68,52902555;65,88306143;196,799995;28,21004844;2
User_13;Tesla Model 3;82;PT-EVS10741;10/02/24 06:00;10/02/24 07:06;65,03081469;2,243740903;38,77562001;22,15968713;Morning;Monday;61,33155977;66,03455228;185,220487;-4,851715656;3
User_2;Hyundai Kona;85;PT-EVS15641;10/02/24 09:00;10/02/24 10:12;76,66382798;4,189681044;14,22515405;37,12866932;Evening;Sunday;35,73213906;84,3279132;284,2852963;26,59631788;0
User_15;Hyundai Kona;85;PT-EVS34847;10/02/24 11:00;10/02/24 12:21;31,55147285;3,333534558;38,1101809;36,80516248;Morning;Friday;78,97978954;89,77926784;;46,80134173;3
User_17;BMW i3;75;PT-EVS35673;10/02/24 15:00;10/02/24 16:37;0,045771842;2,043083842;5,443744811;29,96966713;Evening;Tuesday;60,18022304;84,29906796;272,9177684;-0,135058005;4
User_19;Nissan Leaf;50;PT-EVS05448;10/02/24 17:00;10/02/24 19:15;73,45257578;3,64455937;15,41579306;14,88902023;Evening;Wednesday;17,42898675;87,44489783;183,9880529;37,3068083;4
User_11;Nissan Leaf;50;PT-EVS32054;10/02/24 23:00;11/02/24 00:30;26,75691987;0,165393879;6,23925274;9,580137321;Evening;Saturday;66,79051573;91,04529144;77,15463656;23,12049262;2
User_14;Nissan Leaf;50;PT-EVS03269;11/02/24 05:00;11/02/24 08:10;5,602389791;3,24749711;16,32342657;30,14974462;Evening;Sunday;43,65117261;58,4451437;54,31966216;-0,749512869;3
User_9;BMW i3;75;PT-EVS26911;11/02/24 08:00;11/02/24 09:26;53,9569817;3,737052894;17,87474459;14,88744926;Night;Monday;89,97564875;95,03577021;17,09446172;6,800062382;2
User_19;Nissan Leaf;50;PT-EVS30399;11/02/24 09:00;11/02/24 10:31;60,61379392;3,074673422;20,91795172;12,50819555;Afternoon;Tuesday;54,46997535;78,5105153;103,5093666;32,52462891;4
User_8;BMW i3;75;PT-EVS32022;11/02/24 14:00;11/02/24 15:41;49,36321491;1,226170647;2,246134508;25,56981605;Afternoon;Saturday;33,05374132;53,86982319;60,01452139;-6,553346941;1
User_2;Hyundai Kona;85;PT-EVS08032;11/02/24 20:00;11/02/24 21:55;76,17330081;1,506099897;28,58745278;17,68377082;Afternoon;Monday;56,06768463;93,03849524;369,8535236;18,04509607;0
User_19;Nissan Leaf;50;PT-EVS32117;12/02/24 01:00;12/02/24 02:40;69,87454798;2,014628042;16,51045962;6,585619842;Morning;Saturday;40,28184348;72,00903872;245,0759176;2,773001448;4
User_10;Hyundai Kona;85;PT-EVS04170;12/02/24 04:00;12/02/24 07:35;53,20639355;3,949096249;47,6337105;33,42375184;Night;Saturday;82,90492657;91,60329877;146,6815117;11,39372419;2
User_12;Tesla Model 3;82;PT-EVS18652;12/02/24 07:00;12/02/24 07:50;68,51919497;2,362047175;48,58917821;33,00482798;Afternoon;Sunday;68,45975335;92,96713397;77,70809038;-2,269679113;2
User_5;Tesla Model 3;82;PT-EVS16879;12/02/24 12:00;12/02/24 14:30;30,77354813;3,097914083;49,7517969;13,85136957;Afternoon;Friday;2,481152833;83,48486936;234,7466037;12,80735255;1
User_4;Tesla Model 3;82;PT-EVS11357;12/02/24 13:00;12/02/24 16:12;24,15578156;2,30271121;4,784146663;13,89640731;Evening;Friday;47,69074548;75,97116089;289,8469968;23,40301453;0
User_15;Hyundai Kona;85;PT-EVS00795;12/02/24 15:00;12/02/24 17:29;26,30453466;3,584508026;49,88918288;9,562222233;Afternoon;Thursday;52,29889078;71,43642103;97,81842384;31,42190014;3
User_5;Tesla Model 3;82;PT-EVS27752;12/02/24 16:00;12/02/24 18:05;26,73032004;0,668707847;12,95372765;26,76438553;Morning;Thursday;83,74328835;88,14544589;131,397521;-4,604987943;1
User_2;Hyundai Kona;85;PT-EVS12064;12/02/24 17:00;12/02/24 17:35;48,61478557;3,691287396;22,06888373;31,49966171;Evening;Saturday;82,44163028;23,03568088;50,13444434;11,90873369;0
User_4;Tesla Model 3;82;PT-EVS23785;12/02/24 18:00;12/02/24 20:18;1,330225739;1,338040327;23,29288532;11,81086325;Evening;Tuesday;86,16287277;89,9660474;324,5247972;-3,943574146;0
User_9;BMW i3;75;PT-EVS14747;12/02/24 20:00;12/02/24 21:01;18,43394631;1,615459296;22,32469711;10,40611262;Afternoon;Saturday;53,51757086;95,64661186;104,3757895;30,51992151;2
User_7;Hyundai Kona;85;PT-EVS13432;12/02/24 22:00;12/02/24 23:52;56,19836617;0,182479567;40,72369853;19,62083618;Morning;Sunday;56,02945617;65,41417062;39,67918933;34,05934132;1
User_12;Tesla Model 3;82;PT-EVS31860;13/02/24 00:00;13/02/24 02:27;76,8924001;7,635144759;10,44614576;39,79452835;Night;Friday;7,174271255;101,844422;226,3948948;32,88270217;2
User_1;BMW i3;75;PT-EVS03396;13/02/24 02:00;13/02/24 03:48;50,48944003;0,720143902;42,78738815;15,83807579;Afternoon;Sunday;65,93591222;62,63636323;221,5917884;29,59518796;0
User_6;Nissan Leaf;50;PT-EVS26480;13/02/24 04:00;13/02/24 06:56;6,91842374;5,505495842;49,06109056;9,213901142;Afternoon;Tuesday;24,66584338;70,79175612;196,3466414;26,20353852;1
User_11;Nissan Leaf;50;PT-EVS26845;13/02/24 07:00;13/02/24 07:44;64,22961964;2,129584267;18,16262903;14,83104278;Night;Friday;83,32298245;83,79553659;171,2240954;14,38609316;2
User_20;Tesla Model 3;82;PT-EVS13660;13/02/24 11:00;13/02/24 13:07;17,5349313;3,71845602;7,635488881;26,11611064;Afternoon;Sunday;89,91469897;73,00742421;89,80286253;-4,384463546;4
User_9;BMW i3;75;PT-EVS09435;13/02/24 14:00;13/02/24 17:59;49,93390136;1,108622613;37,93422822;28,28648184;Night;Sunday;121,8472807;52,83474145;56,71088772;27,00972096;2
User_13;Tesla Model 3;82;PT-EVS00191;13/02/24 17:00;13/02/24 20:28;8,234584116;0,90499338;43,81287256;8,682242515;Morning;Sunday;23,35890824;97,66158482;298,7188568;38,56896076;3
User_16;BMW i3;75;PT-EVS33676;13/02/24 18:00;13/02/24 19:42;34,86162084;3,470197296;4,940614327;24,30133396;Evening;Monday;47,9790092;69,99654315;155,7331381;35,40159928;3
User_18;Hyundai Kona;85;PT-EVS34069;13/02/24 22:00;14/02/24 01:36;29,05244638;2,947798349;15,96353292;7,677142064;Night;Sunday;25,84533571;90,97337818;195,6208581;-1,973925722;4
User_19;Nissan Leaf;50;PT-EVS08663;14/02/24 00:00;14/02/24 01:47;45,76954763;0,957052251;17,40052664;14,0233375;Evening;Sunday;30,74085826;81,84510964;;1,260950692;4
User_17;BMW i3;75;PT-EVS01148;14/02/24 01:00;14/02/24 03:01;53,71328701;0,891460803;18,62297647;29,02733721;Afternoon;Tuesday;49,92314429;56,18148263;36,42403857;23,7636599;4
User_3;Nissan Leaf;50;PT-EVS04413;14/02/24 02:00;14/02/24 05:35;66,40550757;3,02669269;39,85618959;35,47430758;Evening;Thursday;15,55736235;78,84999628;61,61189403;33,78521651;0
User_10;Hyundai Kona;85;PT-EVS02432;14/02/24 03:00;14/02/24 04:57;11,4569123;3,507587027;18,90537283;27,02672902;Night;Tuesday;89,11032954;51,82133563;99,80803124;15,44221214;2
User_20;Tesla Model 3;82;PT-EVS29877;14/02/24 04:00;14/02/24 04:42;75,5709645;2,574452232;21,51246492;5,985014837;Afternoon;Friday;32,74760816;57,68229025;281,3132044;13,41284737;4
User_15;Hyundai Kona;85;PT-EVS32062;14/02/24 11:00;14/02/24 11:53;40,78700348;3,431847203;11,03185075;22,86464784;Morning;Thursday;68,76134194;55,14615868;159,6155014;-0,658493238;3
User_5;Tesla Model 3;82;PT-EVS05511;14/02/24 12:00;14/02/24 12:55;21,87125329;0,572000126;10,60205634;25,98727687;Evening;Sunday;44,91946616;53,74660429;296,5755523;33,40477344;1
User_12;Tesla Model 3;82;PT-EVS26844;14/02/24 13:00;14/02/24 16:22;47,23207084;3,643773934;42,96030719;37,90032642;Afternoon;Monday;12,43408226;68,06083094;208,8156046;10,73912307;2
User_7;Hyundai Kona;85;PT-EVS06445;14/02/24 18:00;14/02/24 21:06;34,89511327;1,603396901;4,881436199;33,67501827;Afternoon;Friday;61,53265078;89,00103781;269,88834;-6,428742353;1
User_13;Tesla Model 3;82;PT-EVS13201;14/02/24 19:00;14/02/24 19:46;54,96447202;3,522937607;41,40704557;38,77291672;Morning;Friday;19,82642791;92,77652025;141,4683096;39,53379889;3
User_5;Tesla Model 3;82;PT-EVS21547;15/02/24 00:00;15/02/24 02:02;27,75274592;0,903865802;31,65589628;17,09071969;Afternoon;Sunday;24,84363201;87,93733108;265,6948969;34,02288007;1
User_11;Nissan Leaf;50;PT-EVS25880;15/02/24 03:00;15/02/24 06:02;68,56767861;1,558203166;16,475471;24,53486846;Afternoon;Saturday;68,27370384;93,5739471;92,04491203;-9,831678296;2
User_16;BMW i3;75;PT-EVS31438;15/02/24 08:00;15/02/24 11:26;34,43336364;0,680251048;34,17197973;12,64595746;Morning;Monday;77,30425197;54,73637427;265,8371724;22,20619601;3
User_11;Nissan Leaf;50;PT-EVS01610;15/02/24 12:00;15/02/24 14:08;59,76831247;3,253943971;35,05498942;39,29790891;Evening;Monday;81,95499699;59,94650611;166,3327651;18,16464336;2
User_8;BMW i3;75;PT-EVS07062;15/02/24 18:00;15/02/24 21:38;35,17106494;1,392903877;38,82106905;39,91104151;Morning;Monday;78,17670282;39,32823566;178,0107381;8,223655112;1
User_7;Hyundai Kona;85;PT-EVS10084;15/02/24 20:00;15/02/24 22:40;34,07799973;2,364887015;12,59762021;19,57002063;Night;Monday;70,12447702;61,59652123;;5,369915824;1
User_12;Tesla Model 3;82;PT-EVS11156;15/02/24 21:00;16/02/24 00:45;26,05024408;2,034466026;27,145522;36,21603706;Afternoon;Monday;88,85463221;69,47174832;211,4946307;19,39469541;2
User_20;Tesla Model 3;82;PT-EVS35877;16/02/24 02:00;16/02/24 02:37;67,45812734;0,873292744;17,88555932;29,51862405;Morning;Friday;58,36277009;83,42106852;93,34872262;24,41574986;4
User_16;BMW i3;75;PT-EVS27946;16/02/24 07:00;16/02/24 10:24;29,68080627;3,721616925;45,67133508;21,06445774;Evening;Friday;79,22097833;54,36726876;265,9793028;34,18857418;3
User_18;Hyundai Kona;85;PT-EVS11519;16/02/24 14:00;16/02/24 15:52;8,33578916;2,432937134;41,75876322;8,212490084;Night;Tuesday;15,62532742;42,50515976;206,2702339;-7,327746525;4
User_6;Nissan Leaf;50;PT-EVS34935;16/02/24 15:00;16/02/24 15:59;90,23550358;1,285990167;4,841450613;35,02884819;Afternoon;Saturday;70,55201083;50,51807735;102,7551583;36,3683292;1
User_14;Nissan Leaf;50;PT-EVS17949;16/02/24 16:00;16/02/24 16:34;18,10247227;1,934688459;41,55273261;37,69680547;Night;Tuesday;33,30088316;99,70093459;51,23943381;1,102630909;3
User_15;Hyundai Kona;85;PT-EVS18001;16/02/24 20:00;16/02/24 23:29;75,09027362;1,849418005;12,37449399;6,123307927;Afternoon;Thursday;61,92829079;50,51275747;150,2600995;23,9819183;3
User_9;BMW i3;75;PT-EVS15591;17/02/24 00:00;17/02/24 01:09;5,163807088;3,910006446;5,265203285;7,411839346;Night;Monday;32,17142733;56,72395742;45,40059866;-9,824574766;2
User_14;Nissan Leaf;50;PT-EVS05173;17/02/24 01:00;17/02/24 01:35;55,09525584;1,289438988;45,21062994;8,631878816;Evening;Sunday;54,16347655;56,69621756;100,8403906;3,287417875;3
User_1;BMW i3;75;PT-EVS33588;17/02/24 05:00;17/02/24 05:56;72,31121636;0,945380179;34,26166815;23,89374911;Afternoon;Saturday;59,49110801;92,31293061;54,13870978;8,41258161;0
User_11;Nissan Leaf;50;PT-EVS00501;17/02/24 07:00;17/02/24 08:38;55,37495429;3,136208978;18,05023749;8,623498537;Afternoon;Monday;57,06950066;92,42038994;270,0365183;-2,642243391;2
User_17;BMW i3;75;PT-EVS06265;17/02/24 10:00;17/02/24 11:40;76,03768938;2,197050161;14,89290278;14,95695677;Night;Saturday;87,91245387;67,04978614;259,7179827;23,18945599;4
User_2;Hyundai Kona;85;PT-EVS08256;17/02/24 13:00;17/02/24 15:19;31,72868229;2,294614996;37,50320207;28,37686054;Morning;Wednesday;76,84081237;87,55877969;47,41621153;7,580039233;0
User_20;Tesla Model 3;82;PT-EVS10040;17/02/24 14:00;17/02/24 14:42;76,16478844;2,475410239;32,55745823;26,76560963;Evening;Friday;24,92849741;79,55761465;82,9998087;38,50327216;4
User_6;Nissan Leaf;50;PT-EVS04739;17/02/24 15:00;17/02/24 17:48;59,16864336;2,765621657;15,22251353;18,81699477;Afternoon;Thursday;50,51010597;68,59776437;156,8102394;29,06368772;1
User_16;BMW i3;75;PT-EVS00646;17/02/24 17:00;17/02/24 19:18;66,24653781;1,254199677;37,46234419;13,36898158;Evening;Friday;43,85148171;61,64849602;152,2622187;8,954126067;3
User_6;Nissan Leaf;50;PT-EVS24360;17/02/24 20:00;17/02/24 22:01;77,12500791;1,233524687;39,42909617;29,78525366;Morning;Friday;62,32264056;81,40719887;272,7951713;-3,663579909;1
User_9;BMW i3;75;PT-EVS34844;17/02/24 21:00;17/02/24 21:53;8,28243854;1,245288417;11,01799661;27,32656052;Morning;Sunday;76,66998194;62,00647452;216,5024785;-2,64529743;2
User_4;Tesla Model 3;82;PT-EVS04380;17/02/24 22:00;17/02/24 23:42;50,53053057;1,028885647;34,63627057;5,114862623;Evening;Sunday;25,34809143;63,66223405;62,52915279;-9,162198722;0
User_11;Nissan Leaf;50;PT-EVS10660;17/02/24 23:00;17/02/24 23:33;64,93050646;3,732577707;45,60140062;38,45485061;Night;Thursday;58,16252769;72,85889431;115,7324309;26,67724486;2
User_19;Nissan Leaf;50;PT-EVS18202;18/02/24 02:00;18/02/24 02:47;41,9932622;1,19769187;6,48334058;30,37971193;Afternoon;Saturday;46,35478933;91,10688128;54,26809122;37,28982997;4
User_12;Tesla Model 3;82;PT-EVS33341;18/02/24 04:00;18/02/24 07:57;62,26265635;1,704601591;23,57785072;17,18551041;Morning;Monday;34,70206211;51,28401319;299,6629508;9,250148405;2
User_3;Nissan Leaf;50;PT-EVS24957;18/02/24 06:00;18/02/24 08:02;55,46883682;3,540379012;26,48426698;14,8289124;Morning;Friday;38,4751768;82,29836275;76,92654461;1,358505521;0
User_6;Nissan Leaf;50;PT-EVS27543;18/02/24 12:00;18/02/24 13:00;37,68802767;0,602417382;45,36451456;33,81185989;Morning;Sunday;17,96974248;67,45668715;172,1019383;26,06696175;1
User_18;Hyundai Kona;85;PT-EVS20890;18/02/24 14:00;18/02/24 15:29;53,3628947;3,799819208;38,62554559;13,61191947;Night;Friday;33,26665161;92,03645412;42,13941422;29,88019647;4
User_18;Hyundai Kona;85;PT-EVS14992;18/02/24 17:00;18/02/24 20:32;27,70606779;2,85834951;45,32674459;38,03642616;Afternoon;Tuesday;46,48302919;98,62734402;104,8616728;19,02928781;4
User_15;Hyundai Kona;85;PT-EVS07182;18/02/24 20:00;18/02/24 22:52;27,49804311;1,374496386;46,47734295;8,154864479;Night;Monday;61,564448;63,28972367;97,46236881;12,40979589;3
User_6;Nissan Leaf;50;PT-EVS31070;18/02/24 21:00;18/02/24 21:31;74,70693088;3,68149298;33,46362566;38,76617352;Morning;Tuesday;56,90819743;90,23796993;166,6831443;7,884105498;1
User_1;BMW i3;75;PT-EVS28906;18/02/24 22:00;18/02/24 22:53;37,52045251;2,781840207;24,98401295;12,97764301;Morning;Friday;23,17399364;79,15155532;27,71688285;-7,647816774;0
User_5;Tesla Model 3;82;PT-EVS00903;18/02/24 23:00;19/02/24 02:55;24,04346935;2,906538552;26,03119049;25,48534741;Night;Monday;81,15318319;50,45003529;146,9220069;8,825917552;1
User_3;Nissan Leaf;50;PT-EVS25717;19/02/24 00:00;19/02/24 01:33;9,516527333;1,278370024;48,5764911;15,14128111;Afternoon;Wednesday;18,26221482;88,41412998;207,1049873;27,83093091;0
User_20;Tesla Model 3;82;PT-EVS03034;19/02/24 01:00;19/02/24 04:48;39,88426994;3,036909807;19,46111062;20,33961039;Evening;Wednesday;58,01649411;52,28837266;172,5194902;31,63668929;4
User_15;Hyundai Kona;85;PT-EVS26565;19/02/24 02:00;19/02/24 04:09;5,755524649;2,290446688;39,1270254;34,39969185;Evening;Monday;63,6155687;73,80735045;107,6690443;18,9627122;3
User_16;BMW i3;75;PT-EVS29691;19/02/24 05:00;19/02/24 08:04;48,84665067;1,663970333;7,243947956;17,93295404;Night;Monday;22,71032114;62,07007351;107,3082059;-0,33671547;3
User_14;Nissan Leaf;50;PT-EVS04712;19/02/24 07:00;19/02/24 09:00;19,93670718;1,906483185;26,74907819;37,01873128;Morning;Monday;12,43428285;139,8974081;105,6572473;3,369212622;3
User_18;Hyundai Kona;85;PT-EVS15596;19/02/24 16:00;19/02/24 16:30;18,01705101;2,461603716;43,70116826;17,78455297;Afternoon;Sunday;71,41075857;76,22136172;28,54920389;19,1656007;4
User_3;Nissan Leaf;50;PT-EVS04449;19/02/24 17:00;19/02/24 18:19;59,12662934;2,421411222;6,938614079;37,98580057;Evening;Thursday;47,37859058;51,07061978;238,736361;19,74523435;0
User_15;Hyundai Kona;85;PT-EVS20393;19/02/24 21:00;20/02/24 00:36;61,90801717;3,099767922;37,77442265;31,22274619;Night;Friday;18,21613531;88,05542209;291,1809048;18,77488487;3
User_16;BMW i3;75;PT-EVS33344;19/02/24 22:00;19/02/24 23:31;35,01760652;2,848815611;12,54074293;26,82822767;Night;Wednesday;19,0693653;77,58691651;49,66563771;10,20487626;3
User_14;Nissan Leaf;50;PT-EVS02908;19/02/24 23:00;20/02/24 00:50;14,80448874;2,614062988;27,49924753;33,99393418;Morning;Friday;19,59802465;82,03353841;58,87016369;27,22215781;3
User_19;Nissan Leaf;50;PT-EVS14292;20/02/24 00:00;20/02/24 03:13;65,10291874;1,020825259;47,43975215;31,70105644;Afternoon;Saturday;17,25397205;99,67179757;41,2560971;10,92631183;4
User_12;Tesla Model 3;82;PT-EVS34981;20/02/24 03:00;20/02/24 03:50;71,80591939;3,736266175;39,46787878;21,0067838;Morning;Monday;49,89930237;60,39169484;55,97477442;-0,831142271;2
User_18;Hyundai Kona;85;PT-EVS10819;20/02/24 05:00;20/02/24 05:38;45,85899905;1,309329281;47,50373797;35,54794043;Night;Wednesday;26,44725732;50,88290885;85,00477868;7,159703373;4
User_1;BMW i3;75;PT-EVS04753;20/02/24 06:00;20/02/24 08:48;55,69189165;2,870813714;3,85623031;5,433701239;Afternoon;Sunday;25,9129433;91,24425598;;11,35363499;0
User_19;Nissan Leaf;50;PT-EVS17564;20/02/24 08:00;20/02/24 09:39;39,97272425;0,69412994;37,67532185;35,47518868;Morning;Thursday;88,29737096;71,13650831;60,91729092;11,02276663;4
User_9;BMW i3;75;PT-EVS18275;20/02/24 13:00;20/02/24 14:25;41,01292041;3,069542307;35,23959429;43,37410862;Morning;Friday;56,93067673;79,67504955;223,7200258;31,5890578;2
User_20;Tesla Model 3;82;PT-EVS23828;20/02/24 14:00;20/02/24 15:00;11,4221923;3,254397836;26,1443027;12,85823623;Afternoon;Saturday;75,85891514;60,19969203;31,30638474;-2,441595301;4
User_3;Nissan Leaf;50;PT-EVS11278;20/02/24 20:00;20/02/24 22:37;45,45111536;1,131029999;12,81706991;29,15101897;Night;Saturday;59,31302561;59,87147874;39,89135463;37,731309;0
User_1;BMW i3;75;PT-EVS34352;20/02/24 21:00;21/02/24 00:24;49,6609255;3,590241416;17,66334142;12,3920872;Morning;Monday;68,71101929;84,88161296;236,7315168;-4,137528822;0
User_16;BMW i3;75;PT-EVS18730;20/02/24 22:00;21/02/24 00:31;23,94208035;2,159224759;18,81958477;23,77234837;Night;Saturday;24,12232832;90,8302547;190,2017656;-3,244674645;3
User_13;Tesla Model 3;82;PT-EVS10297;21/02/24 03:00;21/02/24 04:33;77,26621995;3,498121979;28,92648502;37,50769261;Morning;Saturday;34,59232797;92,2054105;27,66490215;11,9953729;3
User_6;Nissan Leaf;50;PT-EVS34520;21/02/24 07:00;21/02/24 10:51;37,99803253;2,06073386;10,49351968;16,652943;Morning;Sunday;21,31000445;58,47308801;214,384106;-1,844830529;1
User_4;Tesla Model 3;82;PT-EVS33245;21/02/24 08:00;21/02/24 09:50;12,89314236;2,141299952;17,34136646;18,14399891;Morning;Wednesday;78,39287123;78,81590749;88,54041811;20,05511243;0
User_19;Nissan Leaf;50;PT-EVS17944;21/02/24 09:00;21/02/24 12:07;60,62456071;1,962273164;22,68042227;32,74187155;Night;Friday;71,57678818;66,87086121;286,4220889;29,72374374;4
User_18;Hyundai Kona;85;PT-EVS00894;21/02/24 11:00;21/02/24 12:29;5,868319196;0,890728405;21,32626414;21,90827594;Afternoon;Wednesday;28,90083255;97,35343585;280,9762024;-1,562489789;4
User_20;Tesla Model 3;82;PT-EVS21459;21/02/24 15:00;21/02/24 16:02;43,95822632;1,767862582;36,00275417;10,43223727;Afternoon;Tuesday;60,90486524;81,09356514;49,91211987;3,915833021;4
User_13;Tesla Model 3;82;PT-EVS19958;21/02/24 16:00;21/02/24 17:07;76,4807442;1,912724342;42,36624663;15,66189493;Morning;Thursday;27,9459135;85,8155237;92,32721902;5,652113104;3
User_15;Hyundai Kona;85;PT-EVS05328;21/02/24 17:00;21/02/24 17:54;66,17819525;3,264935423;5,92317678;37,27761608;Night;Saturday;40,62173244;54,00886612;108,1405504;2,241616906;3
User_19;Nissan Leaf;50;PT-EVS22790;21/02/24 19:00;21/02/24 22:54;35,15737676;0,154300684;17,63994453;19,95588646;Night;Tuesday;76,27892651;83,58526083;31,79116537;-6,225485949;4
User_6;Nissan Leaf;50;PT-EVS30225;21/02/24 23:00;22/02/24 01:36;33,67446234;2,008872706;24,85955194;37,39857229;Afternoon;Sunday;57,20207773;71,72530988;230,7908326;25,42640193;1
User_15;Hyundai Kona;85;PT-EVS03807;22/02/24 00:00;22/02/24 01:10;54,54859169;1,603234465;19,10287022;17,02676986;Afternoon;Saturday;65,65132863;86,25668559;44,41463472;26,22953591;3
User_14;Nissan Leaf;50;PT-EVS26002;22/02/24 04:00;22/02/24 05:17;65,92220416;3,318274234;37,5249622;8,197264329;Evening;Wednesday;34,71180818;99,83038886;31,81542082;-0,647557658;3
User_18;Hyundai Kona;85;PT-EVS05045;22/02/24 07:00;22/02/24 10:24;10,39064403;1,484035549;38,42490098;39,79579713;Evening;Wednesday;88,86128565;73,18196793;243,3146936;39,39447335;4
User_8;BMW i3;75;PT-EVS26919;22/02/24 08:00;22/02/24 09:25;5,892835164;1,235989774;40,77682699;11,65115779;Afternoon;Saturday;12,90517915;57,54316927;100,990055;16,89229648;1
User_12;Tesla Model 3;82;PT-EVS15066;22/02/24 11:00;22/02/24 12:38;20,79043601;3,247462577;41,23721128;25,7924729;Evening;Saturday;49,96693225;63,11113229;259,9241883;22,89738527;2
User_18;Hyundai Kona;85;PT-EVS00235;22/02/24 12:00;22/02/24 14:43;49,48345837;1,732267679;18,9376077;37,66079512;Evening;Sunday;23,26435767;53,9935337;49,05420612;-7,478114898;4
User_11;Nissan Leaf;50;PT-EVS34734;22/02/24 14:00;22/02/24 17:42;19,95802528;1,298271579;43,00765805;37,06093994;Night;Friday;15,82012202;53,37481226;51,42182395;30,00627438;2
User_2;Hyundai Kona;85;PT-EVS05967;22/02/24 19:00;22/02/24 20:18;47,67827375;1,424909572;37,74994618;36,54860154;Night;Monday;75,29020927;67,25319331;268,6951245;27,78096351;0
User_5;Tesla Model 3;82;PT-EVS21426;23/02/24 00:00;23/02/24 00:31;10,20161301;3,993692464;36,80042526;36,56517625;Evening;Wednesday;67,36304811;94,84613705;131,9707369;12,61624144;1
User_1;BMW i3;75;PT-EVS06524;23/02/24 01:00;23/02/24 02:42;67,61464385;3,926797666;23,4022412;24,01570743;Morning;Tuesday;65,52770175;55,0940414;227,0629386;6,143677509;0
User_11;Nissan Leaf;50;PT-EVS33540;23/02/24 06:00;23/02/24 09:13;34,54134762;2,539178254;14,23959211;26,03350587;Morning;Monday;16,96052696;84,59905626;181,8538372;13,02887814;2
User_14;Nissan Leaf;50;PT-EVS26541;23/02/24 11:00;23/02/24 14:37;28,80292498;0,758400248;45,51884431;20,89934494;Night;Friday;73,6868557;81,23277626;22,33272617;-0,257359046;3
User_6;Nissan Leaf;50;PT-EVS28915;23/02/24 15:00;23/02/24 16:12;57,45442117;1,121155295;35,73022937;26,41458833;Morning;Sunday;32,34187153;89,61714559;57,28951047;33,49059845;1
User_19;Nissan Leaf;50;PT-EVS15532;23/02/24 18:00;23/02/24 21:45;52,73977321;2,181389809;9,721254708;33,81722061;Afternoon;Wednesday;77,81061587;89,79452166;56,86080071;37,11824233;4
User_15;Hyundai Kona;85;PT-EVS16801;24/02/24 04:00;24/02/24 06:57;35,76228269;1,926370331;22,86775772;17,06997335;Afternoon;Friday;11,85488094;114,167842;273,5070126;39,20763827;3
User_14;Nissan Leaf;50;PT-EVS22802;24/02/24 05:00;24/02/24 05:53;7,917185919;1,79390374;31,74576567;27,96248909;Evening;Friday;69,70887266;55,1448867;18,78241592;11,76567837;3
User_6;Nissan Leaf;50;PT-EVS28210;24/02/24 09:00;24/02/24 10:49;15,69171929;2,131400837;14,1888915;9,253937426;Night;Saturday;83,91821451;66,78294251;194,7793288;12,26705453;1
User_20;Tesla Model 3;82;PT-EVS30447;24/02/24 11:00;24/02/24 12:34;65,23254316;1,566585949;17,1299918;5,709498044;Afternoon;Monday;48,17084639;61,35366583;35,63520161;33,93763723;4
User_9;BMW i3;75;PT-EVS00642;24/02/24 12:00;24/02/24 13:57;6,43232417;0,930239308;9,025938584;16,43110081;Night;Friday;71,4938047;73,28659305;209,9835637;21,69695135;2
User_5;Tesla Model 3;82;PT-EVS23854;24/02/24 14:00;24/02/24 17:50;66,97990803;0,775663266;13,78715137;38,83301031;Afternoon;Saturday;64,12607257;94,3649335;;36,43208817;1
User_15;Hyundai Kona;85;PT-EVS03924;24/02/24 15:00;24/02/24 18:53;74,27670058;2,849151428;25,07354432;38,19400614;Night;Tuesday;41,34406167;50,41234126;194,7935439;7,731967314;3
User_3;Nissan Leaf;50;PT-EVS10351;24/02/24 16:00;24/02/24 18:54;39,73385255;1,249296291;21,39560578;19,41366508;Morning;Tuesday;55,863615;85,12226222;;24,10895296;0
User_13;Tesla Model 3;82;PT-EVS29816;24/02/24 17:00;24/02/24 19:35;60,72514389;2,365990923;10,4919209;11,28973331;Night;Saturday;41,85682469;94,09788343;279,5522775;-1,369994067;3
User_17;BMW i3;75;PT-EVS09006;24/02/24 20:00;24/02/24 20:44;68,18585287;3,238212428;18,38801151;5,06780582;Evening;Tuesday;31,45637484;93,09646136;164,3760223;34,02977464;4